Name,BSE Code,NSE Code,ISIN Code,Industry Group,Industry,Current Price,Price to Earning,Market Capitalization,Dividend yield,Return on capital employed,Return on equity,Average return on equity 5Years,Average return on equity 3Years,Average return on capital employed 3Years,Average return on capital employed 5Years,Sales growth 3Years,Sales growth 5Years,Profit growth 3Years,Profit growth 5Years,Debt to equity,Promoter holding,Change in promoter holding 3Years,Change in promoter holding,Pledged percentage,PEG Ratio,Historical PE 5Years,Historical PE 3Years,Price to book value,Historical PBV 3Years,Historical PBV 5Years,Dividend Payout,Dividend Payout Ratio,Average dividend payout 3years,Average 5years dividend,Free cash flow 3years,Free cash flow 5years,Free cash flow preceding year,Free cash flow last year,Industry PE,EPS,Interest Coverage Ratio,Return over 1year,Return over 3years,Return over 5years
360 ONE,542772,360ONE,INE466L01038,Capital Markets,Stockbroking & Allied,1109.50,37.10,45121.70,1.08,12.13,14.39,18.86,18.25,13.83,13.65,28.48,21.40,22.73,26.80,1.62,6.24,-15.78,-0.01,0.00,1.63,33.22,36.78,4.58,7.58,5.34,40.07,40.07,45.65,852.06,-6045.71,-6528.78,-2457.97,-3016.56,22.30,29.94,2.45,-10.91,32.69,29.77
A B B,500002,ABB,INE117A01022,Electrical Equipment,Heavy Electrical Equipment,6950.50,96.69,147286.92,0.57,29.93,22.39,21.60,24.70,33.06,27.66,15.51,17.80,29.76,57.13,0.01,75.00,0.00,0.00,0.00,3.25,96.12,83.74,18.80,18.58,16.72,50.01,50.01,50.00,523.52,3266.39,4374.78,1118.10,979.89,37.55,140.50,108.67,18.57,16.55,31.41
Adani Energy Sol,539254,ADANIENSOL,INE931S01010,Power,Power Distribution,1568.80,84.07,188457.22,0.00,9.65,9.44,10.93,10.47,9.64,9.91,27.56,22.68,21.29,12.86,1.93,72.73,1.08,1.54,0.54,3.95,90.41,67.27,7.41,7.10,9.05,0.00,0.00,0.00,0.00,-3160.67,-4180.14,-333.63,-3435.12,84.07,19.00,1.84,78.84,26.77,11.55
Adani Enterp.,512599,ADANIENT,INE423A01024,Metals & Minerals Trading,Trading - Minerals,3212.10,,417863.70,0.04,5.80,-3.38,3.62,2.41,8.38,8.26,-7.64,20.50,,,1.32,74.67,5.44,0.69,0.80,,112.21,101.44,5.13,7.46,9.57,1.80,1.80,2.83,142.61,-67929.42,-75218.09,-25002.30,-30993.05,80.54,72.31,1.66,27.47,11.36,18.90
Adani Green,541450,ADANIGREEN,INE364U01010,Power,Power Generation,1556.20,140.03,256333.55,0.00,7.39,11.40,14.45,13.07,8.62,8.25,18.47,32.85,17.34,44.08,5.19,62.43,5.17,0.00,0.00,8.08,177.59,122.99,12.84,17.14,27.08,0.00,0.00,0.00,0.00,-40241.00,-48042.00,-16397.00,-15857.00,24.73,10.03,1.35,56.12,17.96,10.04
Adani Ports,532921,ADANIPORTS,INE742F01042,Transport Infrastructure,Port & Port services,1874.20,33.31,431808.01,0.40,14.12,16.38,16.81,17.83,13.88,12.43,22.93,25.28,27.25,21.00,0.66,68.02,6.99,0.00,0.00,1.22,27.38,26.95,4.50,4.84,4.72,13.49,13.49,14.37,1334.48,21930.11,31666.71,9228.08,5074.04,24.13,55.58,4.23,31.58,36.14,21.42
Adani Power,533096,ADANIPOWER,INE814H01029,Power,Integrated Power Utilities,221.79,33.48,427715.24,0.00,17.22,21.07,33.42,31.77,24.00,20.79,11.84,15.65,5.87,58.41,0.84,74.96,-0.01,0.00,1.81,5.70,15.77,15.78,6.59,4.85,4.77,0.00,0.00,0.00,0.00,18708.45,30695.55,9957.23,-2817.04,29.84,6.66,5.58,89.63,65.27,59.69
Adani Total Gas,542066,ATGL,INE399L01023,Gas,LPG/CNG/PNG/LNG Supplier,721.75,125.31,79378.79,0.03,15.09,14.06,17.99,16.64,17.82,19.67,10.23,28.16,6.16,5.60,0.47,74.80,0.00,0.00,0.00,20.34,149.34,113.92,16.45,19.17,28.96,4.32,4.32,4.26,27.50,619.19,88.63,145.07,247.34,15.71,5.79,7.65,9.34,3.56,-3.77
Aditya Birla Cap,540691,ABCAPITAL,INE674K01013,Finance,Investment Company,401.25,28.85,109710.03,0.00,8.72,11.74,14.38,12.22,9.30,9.46,14.69,18.77,-7.44,27.55,5.22,68.81,-2.21,0.23,0.00,-3.88,17.99,18.07,3.05,2.22,2.11,0.00,0.00,0.00,0.00,-89786.55,-119301.54,-28382.40,-36905.48,32.21,14.37,1.46,45.88,28.56,28.27
Alkem Lab,539523,ALKEM,INE540L01014,Pharmaceuticals & Biotechnology,Pharmaceuticals,5562.50,27.30,66508.03,0.81,21.23,18.88,18.23,19.25,20.43,18.67,8.25,10.66,31.50,9.39,0.15,51.20,-5.96,0.00,0.00,0.87,29.06,29.96,4.81,5.47,5.09,27.53,27.53,26.33,530.80,4515.40,6751.23,1278.06,1476.08,35.08,192.51,19.94,13.84,16.56,11.36
Ambuja Cements,500425,AMBUJACEM,INE079A01024,Cement & Cement Products,Cement & Cement Products,443.40,22.05,110176.79,0.45,5.61,8.85,9.47,9.00,9.75,11.66,1.45,10.65,21.47,15.30,0.01,67.33,4.18,-0.35,0.00,1.03,32.30,33.46,1.85,2.67,2.84,10.46,10.46,11.40,634.78,-5202.64,-5520.83,-6293.14,-594.18,30.20,19.13,17.25,-25.57,0.84,5.44
APL Apollo Tubes,533758,APLAPOLLO,INE702C01027,Industrial Products,Iron & Steel Products,1788.00,41.27,49645.32,0.32,31.64,25.31,23.45,22.34,26.39,27.72,12.60,22.11,23.25,27.28,0.09,28.25,-2.90,-0.02,0.00,1.78,52.89,57.96,9.37,12.35,12.11,19.62,19.62,20.51,154.91,2462.96,2376.69,562.04,1451.18,21.77,43.33,13.42,4.10,10.85,17.19
Apollo Hospitals,508869,APOLLOHOSP,INE437A01024,Healthcare Services,Hospital,8893.50,65.39,127874.88,0.21,17.89,22.11,17.30,18.39,16.60,16.33,14.94,19.03,34.12,77.79,0.90,28.02,-1.31,0.00,2.49,1.92,81.76,84.34,13.49,13.21,12.67,14.81,14.81,17.67,216.88,2148.70,3445.40,438.60,924.80,49.54,135.04,6.96,17.74,20.54,19.06
Ashok Leyland,500477,ASHOKLEY,INE208A01029,"Agricultural, Commercial & Construction Vehicles",Commercial Vehicles,164.35,25.94,96536.80,2.13,13.82,28.11,21.84,28.41,14.36,12.11,10.59,23.71,46.11,84.95,4.49,51.35,-0.10,0.01,40.10,0.56,27.21,25.38,6.78,6.45,6.05,59.23,59.23,58.94,1280.32,-16527.73,-19437.77,-1470.51,-7711.63,33.66,5.91,2.18,31.55,25.79,21.35
Asian Paints,500820,ASIANPAINT,INE021A01026,Consumer Durables,Paints,2737.80,59.11,262609.17,1.00,26.34,21.79,24.75,24.34,29.85,30.57,1.05,10.38,2.43,7.28,0.18,52.63,0.01,0.00,9.85,24.33,64.37,57.38,12.29,13.62,17.90,60.98,60.98,61.45,2501.59,11820.70,15069.81,2603.99,5604.06,38.23,45.09,32.55,12.94,-6.73,-1.91
Astral,532830,ASTRAL,INE006I01046,Industrial Products,Plastic Products - Industrial,1385.00,67.50,37208.05,0.27,19.86,14.36,17.00,15.61,20.91,23.11,8.39,15.64,6.84,6.57,0.06,54.22,-1.63,0.00,0.00,9.87,89.12,86.73,9.17,13.18,17.13,12.58,12.58,16.77,84.69,1024.10,1469.60,90.20,660.70,21.24,19.90,12.70,-6.56,-9.51,-2.01
AU Small Finance,540611,AUBANK,INE949L01017,Banks,Other Bank,1058.40,30.01,79271.19,0.09,7.66,14.32,14.45,13.94,7.92,7.67,31.45,30.36,22.74,17.66,8.44,22.76,-2.78,-0.03,0.00,1.32,30.32,27.78,4.01,3.74,4.08,2.83,2.83,3.58,62.87,8502.25,20260.21,5205.38,1027.09,16.72,35.30,1.36,29.15,11.23,15.49
Aurobindo Pharma,524804,AUROPHARMA,INE406A01037,Pharmaceuticals & Biotechnology,Pharmaceuticals,1620.50,26.53,94118.90,0.25,12.80,10.06,10.40,10.84,13.70,12.66,10.63,6.32,22.72,0.80,0.21,51.81,-0.03,-0.01,23.65,1.17,19.17,21.71,2.48,2.19,1.96,6.63,6.63,4.98,292.54,2809.16,5179.38,1407.91,2467.95,35.08,60.34,14.48,36.03,30.35,10.08
Avenue Super.,540376,DMART,INE192R01011,Retailing,Diversified Retail,3994.40,87.71,260533.13,0.00,17.19,12.95,13.66,13.55,18.18,18.08,17.12,23.31,7.77,22.00,0.10,74.51,-0.42,-0.14,0.00,11.29,105.51,100.46,10.64,14.02,15.23,0.00,0.00,0.00,0.00,-1576.37,-2169.74,-954.24,-646.17,35.88,45.56,29.73,-6.26,1.50,3.52
Axis Bank,532215,AXISBANK,INE238A01034,Banks,Private Sector Bank,1342.10,15.83,417497.53,0.07,6.24,13.12,14.07,15.64,6.80,6.14,14.87,15.53,34.58,29.65,7.51,8.14,-0.02,-0.01,0.00,0.46,14.20,13.57,1.94,2.15,2.12,1.18,1.18,1.15,308.77,23222.95,70655.62,41950.65,-10796.69,16.01,84.89,1.44,13.97,11.56,12.04
B H E L,500103,BHEL,INE257A01026,Electrical Equipment,Heavy Electrical Equipment,383.60,83.47,133571.95,0.36,8.51,6.29,2.75,3.22,5.58,4.78,13.08,14.31,36.51,20.99,0.31,58.17,-5.00,-5.00,0.00,2.29,136.13,167.08,5.11,3.50,2.60,30.46,30.46,31.31,205.44,3248.68,2825.11,1923.81,5261.35,37.55,4.60,3.83,47.45,60.40,42.21
B P C L,500547,BPCL,INE029A01011,Petroleum Products,Refineries & Marketing,308.15,5.11,133691.05,5.68,25.69,28.80,23.84,28.54,24.65,19.28,-1.28,14.61,98.49,15.66,0.54,52.98,0.00,0.00,0.00,0.05,7.23,7.22,1.33,1.67,1.61,12.40,12.40,25.95,4141.67,66731.79,83889.24,8574.05,31733.08,5.26,59.57,12.92,-10.99,16.82,6.04
Bajaj Auto,532977,BAJAJ-AUTO,INE917I01010,Automobiles,2/3 Wheelers,9785.50,25.35,273502.61,1.53,28.24,29.15,23.85,26.27,29.94,27.96,19.94,17.79,21.12,17.32,0.58,55.01,0.03,0.02,0.01,1.20,26.10,31.42,7.04,7.76,6.42,39.02,39.02,49.35,4060.60,5458.96,13442.61,-2273.03,1884.52,36.25,384.41,12.99,16.04,26.02,18.42
Bajaj Finance,500034,BAJFINANCE,INE296A01032,Finance,Non Banking Financial Company (NBFC),1031.40,33.43,642144.93,0.52,10.82,18.23,19.86,19.54,11.36,11.22,25.56,25.18,18.59,34.13,3.82,54.70,-1.21,0.00,0.00,1.80,34.60,32.26,5.63,6.16,7.55,19.62,19.62,18.64,2490.45,-209644.58,-290258.53,-69199.90,-66685.65,22.34,30.56,1.91,11.47,9.58,11.18
Bajaj Finserv,532978,BAJAJFINSV,INE918I01026,Finance,Holding Company,1895.60,30.54,303400.26,0.08,10.52,13.22,13.74,13.84,11.09,10.93,22.40,19.96,15.69,17.30,5.52,58.71,-2.07,-0.10,0.00,1.95,35.49,33.51,3.89,4.46,5.17,2.45,2.45,2.07,149.98,-187258.87,-262281.41,-63828.56,-56618.98,15.07,61.24,1.97,-4.95,5.51,9.72
Bajaj Holdings,500490,BAJAJHLDNG,INE118A01012,Finance,Holding Company,11079.00,15.07,123298.19,1.31,11.00,12.04,11.88,12.46,11.30,10.48,27.04,18.53,19.03,17.52,0.00,51.46,0.00,0.00,0.00,0.79,15.45,16.14,1.69,1.97,1.79,22.52,22.52,19.48,1462.35,4856.72,8190.81,-1864.61,4780.52,15.07,865.89,11854.83,-22.13,15.60,24.19
Bank of Baroda,532134,BANKBARODA,INE028A01039,Banks,Public Sector Bank,252.20,6.58,130421.75,3.37,5.63,12.70,13.96,14.76,6.08,5.49,12.57,12.56,10.03,72.77,11.13,63.97,0.00,0.00,0.00,0.66,7.13,6.67,0.79,0.94,0.89,22.18,22.18,21.34,3396.54,53737.46,34485.87,28978.88,31911.33,7.92,38.38,1.30,4.74,7.12,23.91
Bank of India,532149,BANKINDIA,INE084A01016,Banks,Public Sector Bank,144.05,6.19,65581.18,3.23,5.93,12.41,9.87,11.69,5.93,5.27,16.41,13.10,41.92,39.24,11.67,73.38,-8.03,0.00,0.00,0.15,7.41,6.77,0.73,0.73,0.64,20.54,20.54,19.76,1375.63,16504.86,-27099.25,17861.35,3907.41,7.92,22.64,1.28,22.27,21.53,13.36
Bharat Dynamics,541143,BDL,INE171Z01026,Aerospace & Defense,Aerospace & Defense,1388.20,121.06,50886.21,0.33,13.84,10.19,14.17,13.92,19.24,19.88,-0.64,4.99,6.08,10.28,0.00,74.93,0.00,0.00,0.00,19.91,63.82,80.66,12.00,11.74,8.88,42.73,42.73,35.10,173.38,100.30,2550.10,-115.35,-115.35,61.46,11.47,168.50,-29.80,35.05,49.72
Bharat Electron,500049,BEL,INE263A01024,Aerospace & Defense,Aerospace & Defense,418.05,50.41,305585.30,0.57,36.53,27.58,25.89,27.76,36.67,33.40,15.90,14.37,26.72,23.64,0.00,51.14,0.00,0.00,0.00,1.89,37.21,49.28,12.74,12.83,8.96,30.15,30.15,34.49,1520.44,4153.82,8424.39,-421.61,559.94,61.46,8.29,1197.58,-2.22,50.86,47.57
Bharat Forge,500493,BHARATFORG,INE465A01025,Auto Components,Auto Components & Equipments,2136.70,86.59,102153.20,0.40,13.09,12.53,11.99,12.43,12.72,11.47,9.20,21.55,35.27,39.83,0.76,44.07,-1.18,0.00,0.00,2.46,61.24,66.80,10.66,7.95,6.92,37.64,37.64,41.63,376.77,890.06,755.89,352.42,373.57,30.18,22.58,6.63,62.55,35.71,22.62
Bharti Airtel,532454,BHARTIARTL,INE397D01024,Telecom - Services,Telecom - Cellular & Fixed line services,1910.40,40.54,1164060.09,0.84,18.50,21.86,17.02,20.44,15.01,13.64,14.88,15.96,48.98,23.96,1.31,50.07,-4.95,1.20,0.00,0.83,60.24,48.20,7.81,9.69,7.39,54.78,54.78,48.03,6490.76,174643.40,242513.80,58990.50,76683.40,41.34,43.81,3.25,-5.29,30.14,30.01
Billionbrains,544603,GROWW,INE0HOQ01053,Capital Markets,Stockbroking & Allied,206.50,62.19,129549.77,0.00,37.32,28.81,25.10,33.94,41.44,35.20,59.64,,66.41,,0.03,27.38,,-0.43,1.30,0.94,32.39,32.39,13.42,13.48,13.48,0.00,0.00,0.00,0.00,-132.77,47.27,-978.63,-32.55,22.30,3.32,62.42,,,
Biocon,532523,BIOCON,INE376G01013,Pharmaceuticals & Biotechnology,Pharmaceuticals,426.80,178.59,69555.35,0.12,3.75,1.40,4.20,3.51,5.32,6.08,14.85,18.83,-14.73,-11.84,0.45,44.68,-15.96,-0.23,0.00,-12.12,48.73,46.62,2.03,1.96,2.14,21.02,21.02,10.94,88.25,2846.10,2229.30,1718.20,82.30,35.08,2.38,1.86,12.30,18.32,1.13
Blue Star,500067,BLUESTARCO,INE472A01039,Consumer Durables,Household Appliances,1583.20,58.46,32552.93,0.54,21.17,17.14,19.73,19.36,24.29,23.55,15.85,23.81,25.41,49.44,0.24,36.49,-2.29,0.00,0.00,2.30,63.83,69.66,9.49,12.63,11.59,33.12,33.12,33.03,143.12,9.57,-94.67,322.15,-168.54,48.05,25.66,11.28,-14.01,26.16,29.41
Bosch,500530,BOSCHLTD,INE323A01026,Auto Components,Auto Components & Equipments,41895.00,52.58,123573.91,0.64,21.54,16.40,14.78,16.00,21.09,19.10,10.30,15.57,18.08,19.29,0.01,70.54,0.00,0.00,0.00,2.91,40.82,47.57,8.32,7.65,5.70,28.72,28.72,49.36,1089.73,4851.80,5283.30,2060.80,1864.30,30.18,940.27,116.57,16.60,29.79,21.66
Britannia Inds.,500825,BRITANNIA,INE216A01030,Food Products,Packaged Foods,5379.00,51.14,129563.06,1.68,56.02,53.55,55.73,54.46,52.64,49.57,5.52,7.83,7.58,6.33,0.27,50.55,0.00,0.00,0.00,6.75,56.96,58.20,25.37,36.55,37.51,86.05,86.05,83.91,1770.62,6603.16,9248.84,2110.38,2408.15,44.79,105.18,30.17,-6.80,1.82,8.83
BSE,,BSE,INE118H01025,Capital Markets,Exchange and Data Platform,3816.60,62.55,155449.77,0.26,58.03,44.79,27.80,35.54,42.46,30.80,73.54,50.29,124.14,68.42,0.00,0.00,0.00,0.00,0.00,0.50,59.35,69.79,23.30,17.32,9.76,16.34,16.34,21.97,253.47,5363.49,6492.94,261.79,2589.11,53.89,61.31,,44.83,156.27,103.87
Canara Bank,532483,CANBK,INE476A01022,Banks,Public Sector Bank,127.19,6.43,115369.61,3.30,6.52,16.08,15.56,17.17,6.64,5.95,13.74,12.46,17.89,44.35,14.64,62.93,0.00,0.00,0.00,0.36,6.03,5.99,0.98,0.98,0.82,21.32,21.32,20.37,2742.96,82275.98,41782.63,61830.45,6652.18,7.92,19.70,1.28,11.21,25.45,32.49
CG Power & Ind,500093,CGPOWER,INE067A01029,Electrical Equipment,Heavy Electrical Equipment,892.55,116.21,140574.77,0.15,26.71,20.48,37.93,30.21,36.94,42.88,21.21,33.18,9.69,69.51,0.01,56.36,-1.76,0.00,0.00,11.99,79.68,101.23,17.64,31.49,32.89,16.97,16.97,17.09,166.23,1223.30,2501.69,490.68,-72.38,37.55,7.66,67.44,31.92,32.45,61.58
Cholaman.Inv.&Fn,511243,CHOLAFIN,INE121A01024,Finance,Non Banking Financial Company (NBFC),1789.80,29.16,152595.96,0.11,9.70,19.33,19.84,19.67,10.15,9.90,34.10,26.52,25.21,28.03,6.93,49.25,-2.22,-0.47,0.00,1.16,30.00,30.59,5.01,5.79,5.50,3.26,3.26,4.04,167.11,-99616.03,-132573.99,-32599.82,-30262.55,22.34,61.41,1.49,17.23,14.69,28.09
Cipla,500087,CIPLA,INE059A01026,Pharmaceuticals & Biotechnology,Pharmaceuticals,1458.20,30.95,117800.00,0.89,15.49,11.60,14.46,15.16,20.34,19.26,7.37,8.01,10.23,9.94,0.02,29.21,-4.34,0.00,0.00,3.03,28.07,26.63,3.42,4.14,4.07,27.07,27.07,25.68,896.27,7237.28,11984.35,3490.18,928.32,35.08,48.02,95.19,-3.64,12.99,8.39
Coal India,533278,COALINDIA,INE522F01014,Consumable Fuels,Coal,438.70,8.69,270358.89,6.04,35.34,28.50,42.06,38.20,48.99,55.63,6.80,13.34,-0.69,19.61,0.12,63.13,-3.00,0.00,0.00,-12.59,7.03,7.30,2.27,2.78,2.76,53.02,53.02,47.07,14790.55,48504.08,98137.41,15960.25,31190.65,74.25,50.46,35.47,13.62,23.77,23.96
Cochin Shipyard,540678,COCHINSHIP,INE704P01025,Industrial Manufacturing,Ship Building & Allied Services,1524.10,55.94,40096.14,0.64,15.95,12.52,12.94,14.79,19.15,16.55,28.54,12.24,40.27,3.63,0.28,67.91,-4.95,0.00,0.00,1.39,42.73,52.40,6.83,7.29,3.79,5.51,5.51,23.09,199.28,-2981.72,-293.96,-791.60,-1384.90,47.83,27.24,11.81,-25.92,75.70,50.35
Coforge,532541,COFORGE,INE591G01025,IT - Software,Computers - Software & Consulting,1464.00,38.33,62951.99,1.04,23.50,20.64,21.33,20.00,24.35,27.07,26.96,28.60,30.99,28.45,0.08,0.00,-30.16,0.00,0.00,1.24,46.93,51.91,5.15,9.83,9.59,8.64,8.64,43.13,364.05,2520.10,3935.00,679.90,1196.60,21.52,46.33,13.80,-24.95,15.71,11.65
Colgate-Palmoliv,500830,COLPAL,INE259A01022,Personal Products,Personal Care,2047.00,41.43,55675.46,2.49,108.00,82.73,74.74,79.36,103.38,96.26,4.91,4.51,8.39,5.34,0.03,51.00,0.00,0.00,0.00,4.94,44.08,48.16,35.15,38.26,36.20,98.51,98.51,104.75,1283.84,4176.47,6859.42,1323.07,1729.97,41.88,48.73,478.29,-16.34,4.50,3.96
Container Corpn.,531344,CONCOR,INE111A01025,Transport Services,Logistics Solution Provider,488.20,29.94,37182.19,1.88,12.41,9.81,10.45,10.49,13.40,13.36,3.58,7.15,1.99,17.49,0.07,54.80,0.00,0.00,0.00,15.05,38.09,35.81,2.87,3.84,3.84,26.99,26.99,45.65,591.02,1814.56,3415.43,868.39,343.62,23.02,16.30,21.86,-18.59,-3.21,-2.54
Coromandel Inter,506395,COROMANDEL,INE169A01031,Fertilizers & Agrochemicals,Fertilizers,2034.30,29.91,60015.19,0.54,22.75,16.97,20.44,17.49,23.98,28.98,2.04,17.29,0.02,8.53,0.12,56.35,-1.06,-0.51,0.01,1495.50,18.48,30.57,4.78,5.10,4.66,16.59,16.59,16.24,329.61,2961.93,4785.20,2030.16,21.53,15.54,66.31,8.85,-8.93,28.40,17.55
Cummins India,500480,CUMMINSIND,INE298A01020,Industrial Products,"Compressors, Pumps & Diesel Engines",5478.00,62.64,151850.16,1.20,39.50,30.23,25.78,28.84,36.83,31.63,16.04,22.73,26.30,30.82,0.00,51.00,0.00,0.00,0.00,2.38,41.26,49.90,17.92,13.97,9.91,77.46,77.46,70.02,1103.26,3945.03,5392.59,1454.93,1486.89,45.03,85.20,256.24,63.91,42.97,44.13
Dabur India,500096,DABUR,INE016A01026,Personal Products,Personal Care,444.35,41.34,78825.57,1.86,20.44,17.16,18.94,17.85,20.99,22.55,4.59,6.65,4.01,2.41,0.11,66.25,0.01,0.02,0.00,10.31,53.52,51.69,6.90,8.93,10.76,77.22,77.22,70.11,1139.28,5079.94,7515.79,1447.64,2179.71,41.88,10.68,17.75,-10.25,-9.14,-5.44
Divi's Lab.,532488,DIVISLAB,INE361B01024,Pharmaceuticals & Biotechnology,Pharmaceuticals,6757.00,68.39,179377.12,0.44,21.96,16.53,16.96,14.82,19.63,22.66,10.78,8.67,12.87,5.71,0.00,51.88,-0.06,0.00,0.00,5.31,66.81,72.61,10.70,10.54,10.49,30.96,30.96,38.98,795.54,694.00,3879.32,215.00,221.00,35.08,96.73,151.52,-2.16,21.71,8.18
Dixon Technolog.,540699,DIXON,INE935N01020,Consumer Durables,Consumer Electronics,12456.00,52.89,76088.62,0.06,41.97,37.43,31.23,33.57,37.03,31.56,58.85,49.94,77.49,55.20,0.21,28.68,-5.38,-0.15,0.00,0.68,117.61,118.09,16.19,34.83,29.14,4.23,4.23,5.59,33.73,994.32,1125.20,254.16,724.42,42.63,236.61,16.06,-18.06,43.60,22.00
DLF,532868,DLF,INE271C01023,Realty,"Residential, Commercial Projects",675.90,39.52,167306.32,0.89,6.34,9.62,7.77,9.37,6.20,5.61,12.89,8.64,27.82,29.49,0.01,74.08,-0.87,0.00,0.00,1.42,52.94,53.26,3.68,4.42,3.42,44.86,44.86,41.41,1287.16,14537.53,19542.70,5139.92,6231.24,28.75,17.83,14.71,-19.15,10.59,18.14
Dr Reddy's Labs,500124,DRREDDY,INE089A01031,Pharmaceuticals & Biotechnology,Pharmaceuticals,1374.10,28.62,114692.80,0.58,13.04,11.22,16.49,16.31,20.75,20.61,10.96,12.09,-4.48,15.44,0.20,26.63,-0.07,-0.01,0.00,-6.39,19.96,19.09,3.03,3.54,3.68,15.92,15.92,13.23,633.60,5239.90,10486.50,1327.40,2004.20,35.08,50.27,14.75,5.10,9.88,4.41
Eicher Motors,505200,EICHERMOT,INE066A01021,Automobiles,2/3 Wheelers,7339.50,36.25,201467.46,0.95,30.52,23.96,22.17,24.08,30.49,27.42,17.46,21.83,24.02,32.76,0.02,49.06,-0.14,0.00,0.00,1.51,34.70,32.11,8.02,7.69,7.16,40.78,40.78,38.74,1430.23,9399.09,12436.38,2951.45,3538.29,36.25,201.06,101.06,30.39,30.40,22.13
Eternal,543320,ETERNAL,INE758T01015,Retailing,E-Retail/ E-Commerce,281.65,742.63,271802.13,0.00,2.97,1.19,-1.51,1.35,2.26,-2.34,97.29,93.70,32.84,21.65,0.15,0.00,0.00,0.00,0.00,22.61,486.56,486.56,8.77,8.96,7.31,0.00,0.00,0.00,0.00,-1293.00,-2988.20,-623.00,-1114.00,51.22,0.38,2.57,7.75,56.10,
Exide Inds.,500086,EXIDEIND,INE302A01020,Auto Components,Auto Components & Equipments,416.60,42.64,35411.00,0.48,8.54,5.97,12.83,6.22,9.11,9.63,6.07,11.68,1.64,0.50,0.11,45.99,0.00,0.00,0.00,26.00,29.68,39.02,2.55,2.30,2.04,19.90,19.90,20.23,170.00,303.01,-516.80,-652.49,1293.44,30.18,10.05,10.38,8.65,19.12,17.58
Federal Bank,500469,FEDERALBNK,INE171A01029,Banks,Private Sector Bank,327.40,18.60,80803.60,0.37,6.39,11.65,13.04,12.93,6.79,6.26,18.55,15.70,11.15,21.18,8.66,0.00,0.00,0.00,0.00,1.67,10.87,11.65,2.01,1.54,1.39,6.81,6.81,7.14,294.55,18227.69,10174.21,8050.13,4063.23,16.01,17.63,1.33,52.05,34.92,30.28
Fortis Health.,532843,FORTIS,INE061F01013,Healthcare Services,Hospital,974.60,69.50,73578.22,0.10,13.47,11.26,8.90,9.88,11.92,11.10,13.17,17.76,26.63,64.38,0.35,31.17,0.00,0.00,0.00,2.61,61.86,64.73,7.44,6.09,3.97,7.25,7.25,9.87,60.40,1436.76,2553.71,591.48,673.19,49.54,13.80,5.41,20.76,45.60,31.59
FSN E-Commerce,543384,NYKAA,INE388Y01029,Retailing,E-Retail/ E-Commerce,310.30,424.43,88864.46,0.00,17.20,15.29,5.89,7.75,11.22,9.21,24.90,32.64,121.53,27.74,0.86,52.09,-0.19,-0.01,0.00,3.49,1108.17,1130.70,61.79,39.69,39.16,0.00,0.00,0.00,0.00,721.46,-74.87,339.41,492.53,51.22,0.70,3.97,56.54,29.36,
GAIL (India),532155,GAIL,INE129A01019,Gas,Gas Transmission/Marketing,174.15,15.10,114505.36,4.31,9.68,8.71,12.70,11.76,12.80,14.28,-0.94,19.80,10.45,4.33,0.28,51.88,-0.03,0.00,0.00,1.44,11.66,12.77,1.29,1.39,1.25,47.69,47.69,41.28,3978.38,10367.48,7300.47,7818.20,2451.00,15.10,11.53,11.09,-9.96,17.48,11.42
GE Vernova T&D,522275,GVT&D,INE200A01026,Electrical Equipment,Heavy Electrical Equipment,4401.50,88.10,112700.41,0.23,76.43,57.32,27.14,42.25,51.44,30.61,30.80,12.45,489.65,85.76,0.01,51.00,-24.00,0.00,0.00,0.18,103.03,115.92,41.89,34.61,12.79,20.76,20.76,23.36,87.06,2826.87,2756.45,816.21,1521.46,37.55,48.17,117.16,86.79,170.17,98.46
Glenmark Pharma.,532296,GLENMARK,INE935A01035,Pharmaceuticals & Biotechnology,Pharmaceuticals,2211.00,21.14,62394.60,0.11,39.77,30.49,3.26,-0.77,23.84,19.39,13.60,9.19,75.79,25.68,0.06,46.65,0.00,0.00,0.00,0.28,20.43,31.58,5.94,5.09,2.69,5.18,5.18,2.41,70.55,-646.84,-251.87,-1574.75,2089.65,35.08,48.26,21.37,20.79,49.33,27.27
GMR Airports,532754,GMRAIRPORT,INE776C01039,Transport Infrastructure,Airport & Airport services,112.80,572.68,119105.25,0.00,11.65,,,,8.32,6.98,30.43,32.94,42.73,15.76,,66.33,7.33,0.09,15.49,13.40,535.08,535.08,,,,0.00,0.00,0.00,0.00,360.01,-1130.42,-580.76,1582.20,302.36,0.17,1.18,25.46,37.07,30.16
Godfrey Phillips,500163,GODFRYPHLP,INE260B01028,Cigarettes & Tobacco Products,Cigarettes & Tobacco Products,2170.10,22.19,33849.60,1.46,32.84,26.62,20.51,22.36,27.46,24.10,21.51,20.41,37.38,37.92,0.04,72.58,0.00,0.00,0.21,0.59,17.75,25.27,5.45,5.81,3.32,51.11,51.11,43.39,387.92,354.24,1495.19,-52.71,214.87,14.40,97.84,166.24,-25.16,55.29,45.96
Godrej Consumer,532424,GODREJCP,INE102D01028,Personal Products,Personal Care,1076.90,54.31,110193.21,1.86,19.08,16.46,14.43,13.99,19.10,18.51,4.46,6.60,5.51,3.06,0.35,53.05,-10.17,0.00,0.00,9.86,59.92,64.60,8.71,9.51,8.97,109.93,109.93,-8.56,1227.62,5757.32,9368.98,2017.58,1946.35,41.88,18.19,9.51,-9.72,-0.61,3.09
Godrej Propert.,533150,GODREJPROP,INE484J01027,Realty,"Residential, Commercial Projects",1996.40,32.21,60136.75,0.50,8.28,10.24,7.73,9.03,6.86,6.22,31.59,46.33,56.92,59.81,0.83,51.66,-6.82,4.49,0.00,0.57,71.44,55.76,3.14,5.58,5.00,16.28,16.28,5.43,60.24,-6217.01,-9969.47,-2449.53,-2381.50,28.75,61.43,19.81,-13.35,8.58,6.70
Grasim Inds,500300,GRASIM,INE047A01021,Cement & Cement Products,Cement & Cement Products,3180.90,42.63,216467.48,0.31,8.07,5.05,6.78,5.24,8.29,8.82,14.25,18.09,-9.41,2.66,2.20,43.74,0.99,0.52,0.00,-4.53,22.69,36.88,2.09,1.90,1.73,13.70,13.70,14.62,668.38,-96860.21,-122937.50,-33688.50,-33130.00,30.20,72.98,1.98,13.36,21.56,16.48
H P C L,500104,HINDPETRO,INE094A01015,Petroleum Products,Refineries & Marketing,399.25,4.71,84953.31,6.07,22.23,30.93,18.34,27.75,18.00,11.52,0.08,13.63,66.20,11.02,0.85,54.90,0.00,0.00,0.00,0.07,4.85,6.86,1.30,1.68,1.26,28.59,28.59,29.89,2770.15,46612.78,37749.67,4808.68,27898.01,5.26,84.81,7.96,-10.20,27.23,14.49
H U D C O,540530,HUDCO,INE031A01017,Finance,Financial Institution,215.56,10.70,43152.96,2.11,8.41,20.20,14.95,16.61,9.09,9.05,22.91,12.59,33.35,20.64,6.45,75.00,-6.81,0.00,0.00,0.32,10.35,16.20,1.96,2.49,1.57,30.02,30.02,33.31,868.82,-75812.91,-77477.85,-31623.61,-33906.44,18.08,20.15,1.36,-6.85,54.06,32.37
Havells India,517354,HAVELLS,INE176B01034,Consumer Durables,Consumer Electronics,1181.10,43.82,74121.31,0.85,24.90,19.03,18.78,18.64,24.87,24.82,10.03,16.59,16.42,10.75,0.03,59.38,-0.07,0.00,0.00,2.67,69.62,69.93,7.84,12.25,12.66,37.11,37.11,41.36,551.57,2115.72,3570.40,769.25,155.85,42.63,26.95,28.99,-25.13,-2.82,2.93
HCL Technologies,532281,HCLTECH,INE860A01027,IT - Software,Computers - Software & Consulting,1139.00,17.80,309086.45,4.74,30.60,23.98,23.51,24.10,30.61,29.09,8.65,11.54,5.83,9.57,0.07,60.86,0.05,0.05,0.00,3.05,24.18,25.12,4.11,6.12,5.41,88.10,88.10,90.56,13900.80,61186.00,93096.00,21178.00,18576.00,21.52,61.33,27.53,-34.01,-1.58,3.06
HDFC AMC,541729,HDFCAMC,INE127D01025,Capital Markets,Asset Management Company,2800.20,41.98,120031.48,1.93,42.88,32.93,29.78,31.75,41.31,38.48,23.00,16.02,26.16,16.62,0.00,52.37,-10.40,-0.01,0.00,1.60,38.72,41.31,13.00,13.27,12.23,80.90,80.90,78.63,1530.42,6141.39,8520.29,2032.04,2507.85,41.98,66.75,280.57,11.26,34.64,14.24
HDFC Bank,500180,HDFCBANK,INE040A01034,Banks,Private Sector Bank,801.05,16.23,1233723.34,1.62,7.04,13.78,15.42,14.90,7.41,6.86,26.86,22.08,18.29,19.04,6.34,0.00,-25.52,0.00,0.00,0.89,19.82,18.63,2.12,2.79,2.98,31.38,31.38,26.10,14941.10,248293.08,251506.99,123266.67,110143.97,16.01,49.39,1.55,-19.46,-1.44,1.39
HDFC Life Insur.,540777,HDFCLIFE,INE795G01014,Insurance,Life Insurance,567.70,64.49,123331.40,0.37,10.30,11.28,10.77,11.09,7.72,8.88,12.30,6.81,11.81,7.04,0.17,50.21,-0.10,0.00,0.00,5.46,87.33,86.66,6.90,9.60,9.68,23.70,23.70,25.33,420.60,48228.13,60912.37,15299.92,22341.19,68.57,8.86,,-27.69,-5.54,-3.49
Hero Motocorp,500182,HEROMOTOCO,INE158A01026,Automobiles,2/3 Wheelers,4852.60,16.64,97097.10,3.81,35.76,28.54,21.41,24.72,31.73,27.26,11.55,8.90,28.83,15.87,0.04,34.73,-0.04,0.00,0.00,0.58,20.48,21.27,4.49,4.95,4.05,64.47,64.47,71.52,2739.41,14835.68,18433.01,3463.20,7226.60,36.25,286.96,97.52,11.68,15.39,10.56
Hind. Unilever,500696,HINDUNILVR,INE030A01027,Diversified FMCG,Diversified FMCG,2201.20,33.96,517192.03,1.86,28.42,31.03,22.15,23.91,27.81,26.91,2.10,6.51,14.41,13.26,0.03,61.90,0.00,0.00,0.00,2.36,55.20,52.54,10.61,11.07,11.21,64.06,64.06,92.35,9823.00,34303.00,51278.00,10624.00,9667.00,41.41,64.01,35.26,-1.68,-5.85,-1.65
Hind.Aeronautics,541154,HAL,INE066F01020,Aerospace & Defense,Aerospace & Defense,4428.90,32.49,296193.76,0.90,31.96,23.98,26.62,26.02,34.90,33.12,7.11,7.78,16.09,23.00,0.00,71.64,-0.01,0.00,0.00,2.02,27.16,34.13,7.22,8.39,6.86,25.68,25.68,29.46,2106.66,26803.17,42532.46,11889.89,8437.66,61.46,136.30,2099.78,-11.30,33.36,52.84
Hindalco Inds.,500440,HINDALCO,INE038A01020,Non - Ferrous Metals,Aluminium,953.20,12.69,214205.63,0.52,13.21,12.97,13.22,12.50,13.08,13.42,7.20,15.81,18.67,35.15,0.73,34.64,0.00,0.00,0.00,0.68,10.90,12.15,1.57,1.35,1.34,8.29,8.29,7.63,910.20,-7124.00,13930.00,4006.00,-19508.00,18.02,59.59,8.07,36.28,31.26,19.60
Hindustan Zinc,500188,HINDZINC,INE267A01025,Non - Ferrous Metals,Zinc,536.55,16.60,226709.49,2.05,69.25,76.38,50.26,68.70,58.74,52.79,6.04,12.43,9.15,12.09,0.39,60.71,-4.22,-1.13,9.44,1.81,15.98,19.37,10.09,14.56,9.83,30.81,30.81,73.52,12294.75,31253.00,52672.00,9814.00,11584.00,53.76,32.45,21.82,20.55,19.87,9.73
Hitachi Energy,543187,POWERINDIA,INE07Y701011,Electrical Equipment,Heavy Electrical Equipment,31040.00,134.60,138352.62,0.03,29.02,21.89,16.86,17.97,22.10,20.99,22.17,18.96,121.78,53.66,0.02,71.31,-3.69,0.00,0.00,1.11,167.39,198.56,26.73,25.93,16.97,3.61,3.61,6.98,21.31,2264.20,1963.45,1365.52,735.31,37.55,221.63,108.60,55.47,94.50,74.57
Hyundai Motor I,544274,HYUNDAI,INE0V6F01027,Automobiles,Passenger Cars & Utility Vehicles,1993.40,29.82,161971.94,1.05,38.42,29.92,30.35,36.44,47.86,39.83,5.47,11.55,4.84,23.60,0.05,82.50,,0.00,0.00,6.16,30.72,30.72,8.09,10.44,10.44,31.42,31.42,26.49,2127.55,8141.69,16341.55,-947.98,3069.51,30.30,66.85,69.03,-3.43,,
I O C L,530965,IOC,INE242A01010,Petroleum Products,Refineries & Marketing,141.56,4.75,199900.25,4.94,18.78,20.74,16.13,17.40,15.76,14.18,-2.32,16.60,62.60,14.24,0.60,51.50,0.00,0.00,0.00,0.08,5.74,7.75,0.91,1.10,0.99,4.19,4.19,24.73,7624.41,83755.40,82764.12,420.99,48881.21,5.26,29.81,7.92,-6.64,14.02,14.31
I R C T C,542830,IRCTC,INE335Y01020,Leisure Services,"Tour, Travel Related Services",509.95,29.54,40796.00,1.67,46.09,34.65,38.70,37.10,49.63,51.88,13.77,46.35,11.88,54.08,0.02,62.40,0.00,0.00,0.00,2.49,55.99,51.10,9.47,18.92,23.16,51.67,51.67,49.05,520.00,2664.10,3911.12,786.78,1227.57,37.87,17.42,102.94,-34.72,-6.83,3.24
I R F C,543257,IRFC,INE053F01010,Finance,Financial Institution,90.57,16.89,118361.46,2.32,5.64,12.81,13.79,13.03,5.73,5.53,4.53,11.59,3.42,9.68,7.69,84.65,-1.71,-1.71,0.00,4.94,17.67,24.88,2.09,3.10,2.20,19.58,19.58,27.44,1842.66,-10905.28,-103908.78,8228.75,-27039.81,18.08,5.36,1.35,-34.95,39.38,30.05
ICICI AMC,544658,ICICIAMC,INE346A01027,Capital Markets,Asset Management Company,3334.80,49.97,164825.33,0.82,115.10,85.80,80.08,82.96,109.43,102.76,28.35,21.89,29.58,21.51,0.00,87.59,,0.00,0.00,1.69,2.06,2.06,39.52,38.49,38.49,153.24,153.24,103.47,2254.11,7039.14,9708.17,2162.42,3166.57,41.98,66.73,248.99,,,
ICICI Bank,532174,ICICIBANK,INE090A01021,Banks,Private Sector Bank,1411.40,18.68,1012484.13,0.78,7.20,16.08,17.02,17.43,7.56,6.91,17.26,16.97,16.83,24.14,5.69,0.00,0.00,0.00,0.00,1.11,19.10,18.28,2.80,3.06,3.08,15.85,15.85,15.69,6502.82,335554.04,385971.49,118099.86,63778.36,16.01,75.71,1.87,-2.18,13.79,16.85
ICICI Lombard,540716,ICICIGI,INE765G01017,Insurance,General Insurance,1772.80,34.32,88510.97,0.76,21.88,16.58,16.90,17.09,22.65,21.68,14.73,17.29,14.20,11.85,0.00,51.29,3.27,-0.02,0.00,2.42,39.40,37.63,5.31,6.31,6.39,24.28,24.28,25.74,553.50,5514.97,8422.08,918.06,2379.52,43.79,55.61,,-12.90,10.13,2.50
IDFC First Bank,539437,IDFCFIRSTB,INE092T01019,Banks,Private Sector Bank,80.46,42.36,69314.16,0.31,5.99,3.84,5.82,5.72,6.38,6.06,21.29,20.49,-12.43,30.20,7.04,0.00,-39.99,0.00,0.00,-3.41,21.65,21.48,1.47,1.46,1.49,13.14,13.14,8.38,79.62,29908.86,34486.18,13541.79,6177.97,16.01,1.90,1.09,3.31,0.05,8.12
Indian Bank,532814,INDIANB,INE562A01011,Banks,Public Sector Bank,798.95,9.19,107615.69,2.28,6.32,15.45,14.37,15.97,6.21,5.44,14.49,11.54,28.07,30.02,10.92,73.84,-6.02,0.00,0.00,0.33,7.52,8.09,1.34,1.23,1.01,21.00,21.00,19.88,1628.80,26200.45,26438.12,17048.00,18387.41,7.92,86.89,1.41,22.82,37.90,41.19
Indian Hotels Co,500850,INDHOTEL,INE053A01029,Leisure Services,Hotels & Resorts,728.60,60.15,103711.27,0.45,17.06,14.24,11.68,14.37,16.46,12.62,18.59,43.81,21.66,31.59,0.22,38.12,-0.07,0.00,0.00,2.78,64.19,63.78,7.95,9.21,8.30,22.19,22.19,19.59,246.16,3878.54,5456.49,1132.72,1443.85,29.98,14.64,12.82,-2.53,24.19,38.63
Indian Renewable,544026,IREDA,INE202E01016,Finance,Financial Institution,128.49,19.27,36095.81,0.47,8.69,15.58,16.46,16.82,9.12,8.72,33.62,25.63,29.39,40.15,5.65,71.76,,0.00,0.00,0.66,27.07,27.07,2.62,5.21,5.21,20.24,20.24,6.75,75.85,-40108.88,-57731.37,-14488.39,-14497.69,18.08,6.67,1.48,-22.91,,
Indus Towers,534816,INDUSTOWER,INE121J01017,Telecom - Services,Telecom - Infrastructure,383.30,14.15,101120.78,0.00,19.49,19.81,23.68,25.19,23.52,21.30,4.61,18.42,50.41,14.61,0.53,51.26,-17.74,0.23,0.00,0.28,12.56,13.65,2.55,3.09,3.08,51.69,51.69,17.23,1331.55,24309.60,35297.80,13387.90,7786.10,16.50,27.08,7.19,-9.80,33.01,10.22
IndusInd Bank,532187,INDUSINDBK,INE095A01012,Banks,Private Sector Bank,974.35,85.36,75914.80,0.15,5.68,1.36,8.65,6.61,6.70,6.61,8.34,9.79,-50.75,-21.21,6.75,15.50,-0.38,0.06,42.78,-1.68,14.04,13.51,1.16,1.18,1.68,13.14,13.14,9.15,629.16,292.37,3555.96,17569.21,359.16,16.01,11.41,1.04,13.79,-11.37,-0.92
Info Edg.(India),532777,NAUKRI,INE663F01032,Retailing,Internet & Catalogue Retail,1034.65,47.13,67088.84,0.81,5.43,3.91,3.85,2.57,4.03,7.64,11.88,23.83,90.76,61.78,0.01,37.50,-0.55,-0.09,0.00,0.52,133.50,145.26,1.77,2.77,3.19,37.57,37.57,42.44,325.89,2468.83,3369.53,793.10,1002.77,24.41,22.36,76.92,-30.39,5.22,-1.13
Infosys,500209,INFY,INE009A01021,IT - Software,Computers - Software & Consulting,1047.20,14.12,424909.66,4.58,39.95,31.89,30.67,30.82,39.14,38.96,6.77,12.20,7.84,9.29,0.10,14.38,-0.76,-0.14,0.00,1.80,26.32,24.24,4.57,7.44,8.08,66.00,66.00,68.46,16677.64,87725.00,129337.00,33457.00,31259.00,21.52,72.59,99.34,-36.17,-8.06,-7.88
Interglobe Aviat,539448,INDIGO,INE646L01027,Transport Services,Airline,5426.50,,209819.69,0.18,6.71,-14.36,,,16.19,8.40,15.99,42.15,-18.59,12.72,13.21,41.57,-26.29,-0.01,0.00,,25.85,25.85,32.52,41.36,45.41,0.00,0.00,1.78,77.28,65416.00,79311.95,22846.50,21789.30,17.75,-64.73,0.94,-5.68,26.91,25.31
ITC,500875,ITC,INE154A01025,Diversified FMCG,Diversified FMCG,289.95,17.39,363291.93,5.00,38.91,29.32,32.18,35.24,37.36,36.91,3.60,9.87,2.97,9.62,0.03,0.00,0.00,0.00,0.00,5.86,24.55,25.71,5.01,7.27,6.96,87.81,87.81,74.47,17345.43,45579.44,75530.14,15523.76,16331.87,41.41,16.51,333.43,-29.72,-13.33,8.72
Jindal Steel,532286,JINDALSTEL,INE749A01030,Ferrous Metals,Iron & Steel,1054.00,26.67,107517.29,0.19,9.70,8.22,11.27,9.84,11.18,14.38,0.01,9.01,0.76,1.40,0.44,62.69,1.49,0.00,10.91,35.09,17.04,18.99,2.11,2.11,1.82,6.04,6.04,5.54,222.11,-4427.01,9693.90,334.27,-2343.02,18.04,33.01,4.48,10.60,19.05,21.74
Jio Financial,543940,JIOFIN,INE758E01017,Finance,Investment Company,239.35,102.79,158046.19,0.21,1.86,1.19,,1.23,1.62,1.62,327.91,,293.99,,0.16,49.13,,2.01,0.00,0.35,117.90,117.90,1.14,1.41,1.41,24.42,24.42,14.71,,-26347.65,,-10125.19,-15544.10,32.21,2.46,3.53,-26.34,,
JSW Energy,533148,JSWENERGY,INE121E01018,Power,Power Generation,550.20,46.24,100878.22,0.36,8.16,7.51,8.00,7.62,7.75,8.52,22.30,22.25,18.78,22.95,2.50,66.53,-8.13,-2.74,13.69,2.46,44.97,46.42,3.14,3.49,3.26,15.69,15.69,17.54,336.91,-4880.02,-6373.88,-2868.45,-213.15,24.73,12.74,1.33,7.46,22.17,26.60
JSW Steel,500228,JSWSTEEL,INE019A01038,Ferrous Metals,Iron & Steel,1230.20,33.05,300839.75,0.58,10.90,10.14,12.79,8.93,10.77,13.76,3.77,18.36,34.33,2.65,0.99,45.31,-0.09,-0.01,11.81,0.96,33.62,38.37,3.01,3.08,2.94,9.70,9.70,19.78,2298.35,15405.00,40201.00,8264.00,10610.00,18.04,91.26,2.31,18.13,15.82,12.83
Jubilant Food.,533155,JUBLFOOD,INE797F01020,Leisure Services,Restaurants,429.60,68.18,28346.95,0.28,14.59,18.92,16.83,14.14,12.96,15.25,22.63,23.49,4.84,11.82,2.14,40.28,-1.66,0.01,1.35,14.09,127.91,147.14,12.37,17.76,18.56,18.48,18.48,25.29,79.18,1847.89,2509.60,797.32,888.58,53.66,6.49,2.32,-39.50,-4.52,-7.33
Kalyan Jewellers,543278,KALYANKJIL,INE303R01014,Consumer Durables,"Gems, Jewellery And Watches",382.05,28.63,39455.84,0.39,20.52,24.80,16.59,19.28,16.53,14.42,36.44,33.05,44.48,195.14,0.97,62.86,2.31,0.10,24.85,0.64,46.19,69.26,6.25,10.44,7.04,19.12,19.12,20.49,117.60,2789.33,3770.63,789.64,938.76,17.95,13.08,5.26,-34.76,37.04,37.76
KEI Industries,517569,KEI,INE878B01027,Industrial Products,Cables - Electricals,5270.50,54.86,50386.29,0.09,20.07,14.75,17.05,16.19,22.86,23.67,19.34,22.95,24.38,27.43,0.04,35.00,-2.21,0.00,0.00,2.25,46.78,52.31,7.56,9.41,7.12,4.68,4.68,5.20,32.48,-928.11,-342.93,-726.46,-412.12,26.86,96.07,20.22,39.36,31.29,48.84
Kotak Mah. Bank,500247,KOTAKBANK,INE237A01036,Banks,Private Sector Bank,396.75,20.75,394635.69,0.13,6.93,11.23,13.73,13.67,7.66,7.22,18.30,16.28,8.43,13.80,3.66,25.87,-0.08,0.00,0.00,2.46,22.29,20.39,2.18,2.73,3.17,3.35,3.35,2.59,411.49,71051.07,76632.67,15767.64,40690.51,16.01,19.39,1.87,-6.86,2.08,2.76
KPIT Technologi.,542651,KPITTECH,INE04I401011,IT - Software,Computers - Software & Consulting,558.65,22.63,15315.04,1.52,26.31,20.97,26.38,27.32,34.90,31.77,24.25,25.96,21.15,36.82,0.24,39.42,-0.07,0.00,0.00,1.07,58.26,51.75,4.33,16.31,14.07,32.04,32.04,30.04,162.28,3165.26,3906.58,1262.20,1056.18,21.52,23.25,13.65,-55.80,-19.11,16.65
L&T Finance Ltd,533519,LTF,INE498L01015,Finance,Non Banking Financial Company (NBFC),327.00,27.29,81935.09,0.84,8.40,11.22,7.57,10.80,8.44,7.42,11.93,6.05,255.77,32.35,3.94,65.99,-0.12,-0.04,0.00,0.11,19.59,18.81,2.93,1.86,1.50,23.10,23.10,25.29,523.33,-30636.17,-17240.29,-16776.86,-14426.81,22.34,11.90,1.60,59.02,35.46,28.50
Larsen & Toubro,500510,LT,INE018A01030,Construction,Civil Construction,4026.60,33.76,553951.11,0.94,14.57,15.86,13.90,15.52,14.03,12.82,15.96,16.02,17.38,3.38,1.15,0.00,0.00,0.00,0.00,1.94,32.50,34.74,5.07,5.43,5.03,32.50,32.50,33.13,4208.25,31938.79,67046.03,5610.69,12272.29,17.73,116.92,3.63,12.02,17.68,21.71
Laurus Labs,540222,LAURUSLABS,INE947Q01028,Pharmaceuticals & Biotechnology,Pharmaceuticals,1542.30,93.16,83322.69,0.13,17.76,18.30,14.85,10.10,11.17,16.41,4.09,7.19,4.21,-1.89,0.48,27.49,0.29,0.00,2.69,22.13,60.71,93.42,15.71,7.39,7.77,12.15,12.15,19.02,86.20,610.56,651.35,60.52,560.36,35.08,16.46,7.97,98.75,63.27,17.63
Lenskart Solut.,544600,LENSKART,INE956O01016,Retailing,Speciality Retail,533.00,184.23,92673.81,0.00,8.44,6.86,2.28,4.02,5.25,2.46,32.51,57.64,114.65,77.04,0.35,17.55,,-0.02,0.00,1.61,141.41,141.41,10.59,12.77,12.77,0.00,0.00,0.00,0.00,1706.42,958.38,804.92,846.49,51.42,2.84,4.90,,,
LG Electronics,544576,LGEINDIA,INE324D01010,Consumer Durables,Household Appliances,1547.50,62.33,105040.03,0.00,32.23,24.72,29.61,34.26,45.33,39.92,7.39,10.28,7.82,1.97,0.06,85.00,,0.00,0.00,7.97,55.98,55.98,13.70,14.55,14.55,0.00,0.00,46.17,1368.87,3293.69,4979.11,1319.33,549.12,48.05,24.83,57.67,,,
LIC Housing Fin.,500253,LICHSGFIN,INE115A01026,Finance,Housing Finance Company,553.70,5.44,30456.99,1.81,8.59,14.41,13.92,15.48,8.77,8.20,8.28,7.72,24.69,15.38,6.70,45.24,0.00,0.00,0.00,0.22,7.15,6.44,0.74,0.95,0.91,9.82,9.82,10.11,506.37,-32426.33,-68863.43,-16682.42,-8555.85,16.19,101.87,1.36,-9.35,12.03,3.26
Lodha Developers,543287,LODHA,INE670K01029,Realty,"Residential, Commercial Projects",1057.00,30.80,105604.28,0.40,16.58,15.77,12.80,13.84,14.23,12.34,20.76,25.07,57.46,59.02,0.42,72.27,-2.72,0.42,0.00,0.54,47.08,50.72,4.53,6.43,5.97,12.38,12.38,14.06,233.73,4146.70,8786.50,1091.40,709.10,28.75,34.32,7.66,-22.74,14.63,25.80
LTM,540005,LTM,INE214T01019,IT - Software,Computers - Software & Consulting,3757.80,20.62,111464.36,2.00,29.60,23.13,25.70,23.14,29.78,34.98,8.43,27.88,7.03,22.79,0.10,68.52,-0.16,-0.01,0.00,2.93,33.94,34.32,4.64,7.97,8.38,44.24,44.24,42.69,1894.40,12338.30,16696.10,3612.20,3889.60,21.52,169.25,27.49,-29.31,-10.50,-1.47
Lupin,500257,LUPIN,INE326A01037,Pharmaceuticals & Biotechnology,Pharmaceuticals,2476.00,19.64,113210.78,0.48,30.32,29.08,13.14,22.28,22.45,13.17,18.88,13.02,141.27,37.39,0.29,46.86,-0.22,-0.03,0.00,0.14,38.03,36.53,5.04,5.42,4.48,15.43,15.43,17.06,419.85,9605.93,9511.40,1346.86,5527.35,35.08,116.65,18.10,24.99,40.26,16.42
M & M,500520,M&M,INE101A01026,Automobiles,Passenger Cars & Utility Vehicles,3136.90,22.06,390082.56,1.05,15.45,20.79,18.32,19.22,14.32,13.23,17.85,21.74,23.57,51.28,1.44,18.45,-0.92,0.02,0.02,0.94,25.59,28.87,4.19,5.10,3.52,21.57,21.57,21.43,2391.70,-19390.55,-29303.67,-6633.18,2545.34,30.30,137.50,3.72,-0.81,28.59,31.70
M & M Fin. Serv.,532720,M&MFIN,INE774D01024,Finance,Non Banking Financial Company (NBFC),334.05,15.72,46431.99,2.25,8.72,12.26,10.57,11.14,8.76,8.52,17.93,11.19,11.83,34.68,4.82,52.49,0.33,0.00,0.00,1.33,17.82,17.89,1.74,1.96,1.86,36.51,36.51,37.41,761.31,-47814.16,-65884.05,-15974.67,-13120.42,22.34,20.54,1.44,25.37,0.01,16.45
Mankind Pharma,543904,MANKIND,INE634S01028,Pharmaceuticals & Biotechnology,Pharmaceuticals,2528.60,51.98,104430.16,0.04,13.50,13.12,17.11,15.62,18.54,21.95,17.73,18.10,17.03,10.52,0.39,72.66,-3.84,0.00,0.00,3.05,50.23,50.54,6.40,9.10,9.10,2.16,2.16,0.72,8.26,6052.38,5617.07,1894.60,2387.04,35.08,46.34,4.85,3.65,14.20,
Marico,531642,MARICO,INE196A01026,Agricultural Food & other Products,Edible Oil,838.55,61.79,108876.19,0.48,47.21,43.05,39.36,41.02,45.15,44.05,11.71,11.08,11.21,8.68,0.13,58.92,-0.50,0.00,2.03,5.51,54.48,55.14,25.86,21.66,19.81,29.51,29.51,65.14,974.75,4208.00,6329.00,1202.00,1772.00,20.39,13.57,43.96,15.09,15.90,9.59
Maruti Suzuki,532500,MARUTI,INE585B01010,Automobiles,Passenger Cars & Utility Vehicles,14366.00,30.77,451670.74,0.97,19.02,14.43,13.78,16.00,21.47,17.00,15.96,21.10,29.60,27.05,0.00,58.53,2.05,0.25,0.00,1.04,32.61,28.02,4.22,4.68,4.63,29.98,29.98,29.46,3421.20,21933.20,23454.10,5533.10,8754.30,30.30,466.90,81.09,13.60,12.86,13.58
Max Financial,500271,MFSL,INE180A01020,Insurance,Life Insurance,1596.60,663.24,55101.02,0.00,2.95,1.57,6.64,5.59,6.97,8.48,14.92,8.80,-39.68,-27.87,0.35,1.25,-8.90,0.00,42.07,-16.71,107.45,116.90,10.43,9.80,8.86,0.00,0.00,0.00,0.00,25253.88,43373.15,8135.88,11234.67,68.57,2.43,2.07,0.42,25.48,9.14
Max Healthcare,543220,MAXHEALTH,INE027H01010,Healthcare Services,Hospital,1153.40,75.65,112253.94,0.17,14.72,14.75,13.59,13.67,15.20,14.56,22.43,27.27,10.41,60.02,0.32,23.71,-0.06,-0.01,0.00,7.27,72.30,78.82,10.44,10.63,9.04,13.49,13.49,13.61,116.67,1007.09,2076.93,500.19,164.84,49.54,14.82,8.33,-11.15,24.09,32.49
Mazagon Dock,543237,MAZDOCK,INE249Z01020,Industrial Manufacturing,Ship Building & Allied Services,2543.60,39.72,102603.74,0.68,35.98,29.20,29.50,32.33,41.14,35.45,18.44,26.30,32.19,33.51,0.05,81.22,-3.61,0.00,0.00,1.23,31.49,37.90,10.52,11.43,8.65,28.29,28.29,28.58,495.92,-1418.85,-220.00,1598.76,-3364.87,47.83,64.04,46.23,-23.59,57.47,81.81
Motil.Oswal.Fin.,532892,MOTILALOFS,INE338I01027,Capital Markets,Stockbroking & Allied,968.35,31.34,58308.88,0.62,12.66,15.53,22.38,23.16,17.39,16.82,30.95,20.94,25.93,6.96,1.65,67.54,-2.14,-0.08,0.00,1.21,11.60,16.04,4.52,4.34,3.03,19.32,19.32,13.28,233.28,-5724.22,-7993.53,930.48,-6159.71,22.30,31.06,2.84,5.48,73.73,34.98
Mphasis,526299,MPHASIS,INE356A01018,IT - Software,Computers - Software & Consulting,2296.60,23.21,43835.76,2.70,22.80,18.54,19.45,18.41,23.16,25.12,4.79,10.31,5.12,9.20,0.24,30.55,-25.08,-0.04,0.00,4.53,29.57,29.51,4.08,5.62,5.71,63.52,63.52,64.68,1022.44,4715.27,7662.43,1845.33,781.86,21.52,97.61,13.47,-21.46,6.86,1.67
MRF,500290,MRF,INE883A01011,Auto Components,Tyres & Rubber Products,134655.00,23.09,57109.11,0.17,15.73,12.54,9.61,12.13,15.44,12.16,10.62,14.02,52.34,14.09,0.15,27.78,-0.07,0.05,0.09,0.44,31.86,28.63,2.72,3.24,2.90,4.11,4.11,4.50,84.38,4878.58,2061.32,573.26,3164.28,24.20,5720.45,9.97,-6.47,10.36,10.75
Multi Comm. Exc.,534091,MCX,INE745G01043,Capital Markets,Exchange and Data Platform,2814.00,53.89,71754.71,0.21,71.37,56.27,27.54,36.39,40.46,29.79,64.89,42.59,107.53,48.69,0.00,0.00,0.00,0.00,0.00,0.50,59.62,76.89,25.20,19.64,12.18,15.32,15.32,29.84,116.41,4115.50,4495.19,854.23,2962.38,53.89,52.22,4696.36,58.37,110.01,55.68
Muthoot Finance,533398,MUTHOOTFIN,INE414G01012,Finance,Non Banking Financial Company (NBFC),3054.90,11.58,122644.60,0.98,15.77,30.92,22.80,23.86,14.10,13.64,37.91,22.03,43.10,22.71,3.88,73.35,0.00,0.00,0.00,0.27,15.01,16.62,3.13,3.16,3.09,11.37,11.37,17.74,979.51,-88109.80,-92744.71,-26740.46,-47543.34,22.34,263.79,2.30,14.73,34.34,14.41
Natl. Aluminium,532234,NATIONALUM,INE139A01034,Non - Ferrous Metals,Aluminium,347.60,11.01,63841.32,3.02,39.59,29.42,23.14,25.72,33.39,29.70,7.77,14.78,59.34,34.88,0.00,51.28,0.00,0.00,0.00,0.19,10.01,13.12,2.96,2.39,1.93,33.27,33.27,38.69,1359.11,10128.96,12197.19,4640.57,4413.49,18.02,31.56,78.64,80.96,60.64,33.67
Nestle India,500790,NESTLEIND,INE239A01024,Food Products,Packaged Foods,1459.80,81.62,281495.32,0.82,84.14,73.17,97.54,92.30,116.29,127.39,11.07,11.64,13.07,10.62,0.08,62.76,0.00,0.00,0.00,6.24,78.81,76.95,53.02,64.74,77.58,65.28,65.28,74.26,2414.33,7447.94,11149.83,930.14,4221.31,44.79,18.38,29.33,22.02,8.43,10.60
NHPC Ltd,533098,NHPC,INE848E01016,Power,Power Generation,80.53,21.48,80892.67,2.37,5.73,9.29,9.27,8.72,7.00,7.13,3.07,3.78,-1.19,2.12,1.26,67.40,-3.55,0.00,0.00,-18.05,17.40,25.84,1.95,2.02,1.74,42.95,42.95,53.28,1824.18,-11812.13,-11193.35,-3823.38,-8273.75,24.73,3.75,3.74,-5.30,21.05,25.08
NMDC,526371,NMDC,INE584A01023,Minerals & Mining,Industrial Minerals,85.40,10.08,75082.12,3.86,27.58,23.37,26.45,23.61,29.36,33.51,21.99,15.85,16.81,3.54,0.19,60.79,0.00,0.00,0.00,0.60,9.07,10.15,2.20,2.27,2.01,41.30,41.30,41.29,2871.46,6036.29,12370.12,-1336.06,1825.50,18.34,8.47,84.74,24.16,33.58,13.55
NTPC,532555,NTPC,INE733E01010,Power,Power Generation,356.45,12.78,345637.66,2.34,8.33,13.97,13.10,13.53,9.88,9.71,2.07,10.93,16.81,11.93,1.33,51.10,0.00,0.00,0.00,0.76,13.13,14.67,1.70,1.92,1.65,32.26,32.26,34.31,7631.28,25683.72,65572.58,9430.91,6894.94,24.73,27.90,2.79,6.24,22.61,24.62
O N G C,500312,ONGC,INE213A01029,Oil,Oil Exploration & Production,237.84,7.18,299209.36,5.15,14.15,11.66,14.21,12.70,14.65,14.73,1.55,16.86,0.71,21.43,0.47,58.89,0.00,0.00,0.00,10.11,7.05,7.68,0.80,0.90,0.85,40.24,40.24,38.05,14970.53,170629.05,263544.60,50154.07,59510.25,49.24,32.93,6.22,-3.02,13.47,14.48
Oberoi Realty,533273,OBEROIRLTY,INE093I01010,Realty,"Residential, Commercial Projects",1934.40,28.75,70335.22,0.41,17.28,14.55,14.10,14.28,16.75,15.61,12.75,23.97,9.21,27.13,0.16,67.70,0.00,0.00,0.00,3.12,27.61,28.02,3.92,3.92,3.57,11.60,11.60,13.26,225.43,4357.94,1235.84,1472.08,746.36,28.75,68.96,14.27,3.47,24.12,24.50
Oil India,533106,OIL,INE274J01014,Oil,Oil Exploration & Production,422.10,10.37,68659.11,2.72,11.56,12.29,16.91,14.31,14.04,17.63,-2.02,14.02,-8.74,11.85,0.65,56.66,0.00,0.00,0.00,-1.19,5.97,9.88,1.18,1.35,1.11,28.26,28.26,27.21,1805.54,-640.22,5587.22,-1636.95,2126.42,49.24,40.70,8.96,-5.31,36.43,29.74
One 97,543396,PAYTM,INE982J01020,Financial Technology (Fintech),Financial Technology (Fintech),1221.40,107.22,78210.76,0.00,5.01,4.70,-9.12,-4.48,-4.54,-9.59,1.83,24.67,34.08,19.50,0.01,0.00,0.00,0.00,0.00,3.15,134.45,134.45,4.88,4.12,3.59,0.00,0.00,0.00,0.00,-1810.20,-3832.00,-437.90,-1211.00,55.37,8.64,43.67,31.21,12.69,
Oracle Fin.Serv.,532466,OFSS,INE881D01027,IT - Software,Software Products,11248.00,37.10,97938.74,3.56,45.28,32.61,28.68,30.33,41.81,39.31,10.42,9.01,13.48,8.42,0.00,72.44,-0.54,-0.02,0.00,2.75,22.69,30.81,12.51,9.42,6.59,131.85,131.85,107.39,2288.23,6511.70,10052.11,2164.30,2586.80,38.30,303.25,1473.16,23.48,42.80,25.61
P I Industries,523642,PIIND,INE603J01030,Fertilizers & Agrochemicals,Pesticides & Agrochemicals,2646.10,32.36,40146.13,0.60,14.69,11.60,16.45,16.32,20.52,20.10,1.13,7.96,0.30,10.94,0.03,46.09,0.00,0.00,0.00,107.87,38.73,34.76,3.57,6.47,7.19,17.26,17.26,15.16,188.48,1359.60,2731.00,575.10,-632.40,21.99,87.06,98.13,-37.30,-11.80,-2.52
Page Industries,532827,PAGEIND,INE761H01022,Textiles & Apparels,Garments & Apparels,42800.00,60.44,47738.58,2.10,64.38,54.29,48.00,47.02,56.27,57.94,3.63,13.12,11.41,18.30,0.18,42.89,-3.23,0.00,0.00,5.30,75.75,73.44,31.77,30.13,33.12,80.29,80.29,96.80,544.12,2797.73,2861.36,1124.53,687.36,24.97,684.80,22.30,-12.13,5.24,7.21
Patanjali Foods,500368,PATANJALI,INE619A01035,Agricultural Food & other Products,Edible Oil,413.95,22.37,45042.26,0.85,12.00,16.46,12.51,12.34,12.90,13.70,8.41,19.74,31.21,24.26,0.21,68.25,-12.57,-0.01,0.00,0.72,48.04,59.14,3.44,5.69,5.74,20.98,20.98,25.73,265.00,472.14,729.79,101.38,-1277.91,20.39,16.68,12.93,-25.23,1.16,2.25
PB Fintech.,543390,POLICYBZR,INE417T01026,Financial Technology (Fintech),Financial Technology (Fintech),1591.20,109.90,73624.01,0.00,10.31,9.75,-0.96,5.63,5.99,-2.33,38.49,50.27,50.00,41.91,0.05,0.00,0.00,0.00,0.00,2.20,269.22,269.22,10.07,11.34,10.09,0.00,0.00,0.00,0.00,-370.53,-2332.32,-279.62,-36.37,55.37,14.48,20.07,-11.30,32.01,
Persistent Systems,533179,PERSISTENT,INE262H01021,IT - Software,Computers - Software & Consulting,4682.70,38.23,73869.59,0.75,34.43,27.30,24.87,25.38,31.35,30.13,20.88,28.63,27.67,35.91,0.06,30.29,-0.97,0.00,0.00,1.38,52.09,57.06,9.42,13.74,11.13,33.83,33.83,36.48,439.24,3482.81,4470.66,963.84,1571.95,21.52,118.23,35.40,-20.58,24.47,26.39
Phoenix Mills,503100,PHOENIXLTD,INE211B01039,Realty,"Residential, Commercial Projects",2047.60,59.00,73230.46,0.12,12.83,11.58,10.08,11.00,12.00,10.22,19.13,33.59,14.39,83.42,0.48,47.25,-0.05,0.00,0.00,4.10,55.03,54.56,6.66,5.72,4.79,7.31,7.31,8.17,80.06,985.60,1291.21,-531.71,1029.49,28.75,34.22,6.33,32.77,37.74,37.07
Pidilite Inds.,500331,PIDILITIND,INE318A01026,Chemicals & Petrochemicals,Specialty Chemicals,1598.00,66.14,162640.50,0.72,30.97,23.89,22.06,23.30,30.18,27.93,7.36,14.89,24.55,16.66,0.04,69.32,-0.62,-0.01,0.00,2.69,88.41,76.31,15.01,17.41,18.56,89.36,89.36,61.80,1017.33,6249.01,7890.26,1838.56,2239.37,29.80,24.06,62.49,3.76,7.00,7.11
Polycab India,542652,POLYCAB,INE455K01017,Industrial Products,Cables - Electricals,9548.50,57.15,143833.88,0.49,33.20,23.05,21.30,22.35,31.36,28.42,26.98,26.86,27.50,23.68,0.02,61.50,-4.70,0.00,0.00,2.08,45.37,48.75,11.97,11.03,10.04,26.48,26.48,25.94,438.71,3631.21,4591.93,852.91,2340.03,26.86,177.48,15.35,42.14,39.04,36.97
Power Fin.Corpn.,532810,PFC,INE134E01011,Finance,Financial Institution,425.80,5.42,140518.33,4.36,9.71,20.68,20.91,20.98,9.76,9.49,14.17,10.01,17.69,17.14,7.62,55.99,0.00,0.00,0.00,0.31,4.97,5.96,1.06,1.26,0.98,23.63,23.63,22.95,4491.44,-196094.38,-266311.81,-93109.83,-4841.08,18.08,78.49,1.62,3.04,33.58,34.01
Power Grid Corpn,532898,POWERGRID,INE752E01010,Power,Power - Transmission,287.85,16.81,267717.88,3.13,9.74,16.49,18.02,17.21,11.84,12.01,0.84,3.35,0.85,4.35,1.47,51.34,0.00,0.00,0.00,19.78,14.38,17.31,2.66,2.87,2.45,78.83,78.83,66.65,10393.42,41680.25,90939.72,12112.02,3682.47,16.81,17.13,2.72,-2.09,14.86,17.31
Premier Energies,544238,PREMIERENE,INE0BS701011,Electrical Equipment,Other Electrical Equipment,1046.80,31.47,47519.64,0.10,33.32,42.35,40.36,45.80,33.23,21.81,76.27,61.99,369.81,132.73,0.86,63.94,,0.00,0.00,0.09,44.90,44.90,11.01,15.75,15.75,0.75,0.75,1.05,6.77,-1366.61,-1781.63,727.85,-1735.55,31.14,33.33,13.47,-1.09,,
Prestige Estates,533274,PRESTIGE,INE811K01011,Realty,"Residential, Commercial Projects",1668.00,60.10,71845.80,0.11,10.38,7.54,6.44,6.22,9.70,9.54,15.12,11.86,18.36,20.91,1.09,60.94,-4.54,0.00,0.00,3.27,42.54,58.30,4.42,4.32,3.19,7.21,7.21,9.68,71.22,-1620.90,-1862.10,-1366.90,349.00,28.75,27.76,2.08,3.41,42.45,41.97
Punjab Natl.Bank,532461,PNB,INE160A01022,Banks,Public Sector Bank,105.35,6.59,121078.16,2.85,6.13,12.99,9.40,12.42,5.99,5.22,14.62,9.80,76.45,48.17,12.22,70.08,-3.07,0.00,0.00,0.09,11.16,8.26,0.81,0.94,0.82,18.75,18.75,18.31,1970.58,15458.75,56994.40,20489.51,24052.33,7.92,16.00,1.32,-4.96,21.59,20.02
Radico Khaitan,532497,RADICO,INE944F01028,Beverages,Breweries & Distilleries,3892.30,84.50,52130.10,0.23,24.21,20.33,14.24,15.39,17.76,16.26,24.52,20.58,41.20,17.36,0.15,40.20,-0.07,0.00,0.00,2.05,76.06,91.65,15.72,11.73,9.26,19.94,19.94,16.91,58.87,633.53,253.33,189.38,504.18,46.41,45.14,13.83,47.95,42.03,38.67
Rail Vikas,542649,RVNL,INE415G01027,Construction,Civil Construction,235.77,56.20,49158.52,0.73,10.80,9.02,15.56,13.82,14.60,15.46,0.21,5.79,-13.29,-2.48,0.49,72.84,-5.36,0.00,0.00,-4.23,25.99,56.87,5.01,7.48,4.88,40.76,40.76,32.37,396.15,2123.69,2676.49,1446.82,-1953.29,17.73,4.20,3.82,-39.76,23.85,48.86
REC Ltd,532955,RECLTD,INE020B01018,Finance,Financial Institution,365.15,5.89,96152.17,4.93,9.71,19.97,21.00,21.14,9.91,9.59,14.70,10.88,13.48,14.26,6.05,52.63,0.00,0.00,0.00,0.44,5.48,6.67,1.13,1.50,1.11,29.95,29.95,29.86,4035.41,-91007.58,-132342.74,-39146.96,5895.54,18.08,61.93,1.57,-7.24,29.92,27.26
Reliance Industries,500325,RELIANCE,INE002A01018,Petroleum Products,Refineries & Marketing,1304.00,22.67,1764642.56,0.46,10.26,8.91,8.64,8.77,9.93,9.43,6.40,17.76,5.23,11.98,0.45,50.00,-0.41,-0.01,0.00,4.33,25.61,25.80,1.95,2.27,2.13,10.05,10.05,10.15,6765.84,132314.00,129190.00,41079.00,70023.00,5.26,59.69,5.45,-14.62,3.23,5.74
S A I L,500113,SAIL,INE114A01011,Ferrous Metals,Iron & Steel,169.88,18.30,70169.36,0.94,7.79,6.43,8.83,5.80,7.55,10.46,1.99,9.90,25.38,-1.50,0.53,65.00,0.00,0.00,0.00,0.72,14.82,17.64,1.16,0.93,0.86,28.78,28.78,27.86,1338.29,14182.57,32927.29,4536.87,10942.35,18.04,8.17,3.40,26.10,24.49,6.23
Samvardh. Mothe.,517334,MOTHERSON,INE775A01035,Auto Components,Auto Components & Equipments,146.30,37.36,154411.50,0.41,13.08,10.90,10.05,11.55,13.47,11.08,17.02,17.06,38.92,31.08,0.47,48.60,-16.16,0.00,2.90,0.96,39.90,37.81,3.77,3.40,3.31,0.00,0.00,11.89,374.85,10785.62,13272.22,1853.30,5373.42,30.18,3.66,4.72,42.59,34.45,10.59
SBI,500112,SBIN,INE062A01020,Banks,Public Sector Bank,1040.00,11.52,959984.23,1.67,6.13,15.38,15.93,16.52,6.25,5.68,13.64,13.11,14.38,30.01,11.44,55.52,-1.97,0.02,0.00,0.80,10.48,9.70,1.61,1.56,1.50,19.23,19.23,18.58,11770.63,87038.52,55668.77,39846.79,29734.43,7.92,90.24,1.36,28.10,20.76,19.17
SBI Cards,543066,SBICARD,INE018E01016,Finance,Non Banking Financial Company (NBFC),603.80,26.52,57458.48,0.41,10.10,14.69,19.03,16.80,11.02,11.55,13.33,16.43,-1.37,17.08,2.80,68.92,-0.10,0.34,0.00,-19.36,36.38,31.82,3.65,6.02,7.05,10.98,10.98,11.09,237.16,-7464.23,-18719.25,-2195.84,459.48,22.34,22.77,1.95,-33.62,-10.29,-9.39
SBI Life Insuran,540719,SBILIFE,INE123W01016,Insurance,Life Insurance,1788.70,72.64,179449.63,0.15,14.95,13.70,14.04,14.14,15.57,15.50,11.68,6.52,12.81,11.15,0.00,55.33,-0.12,-0.01,0.00,5.67,75.97,75.28,9.40,10.20,10.29,10.96,10.96,12.15,252.42,88786.68,139152.78,25440.92,34338.10,68.57,24.63,,-0.61,11.47,12.11
Shree Cement,500387,SHREECEM,INE070A01015,Cement & Cement Products,Cement & Cement Products,26765.00,55.39,96570.12,0.41,10.48,7.78,9.06,8.34,10.65,11.40,5.47,9.08,11.38,-5.17,0.08,62.55,0.00,0.00,0.00,4.87,51.86,54.74,4.15,4.74,4.88,31.04,31.04,27.40,400.49,2994.04,2742.23,836.96,1979.09,30.20,483.24,11.83,-14.53,3.09,-0.17
Shriram Finance,511218,SHRIRAMFIN,INE721A01047,Finance,Non Banking Financial Company (NBFC),1063.60,24.95,250256.05,1.02,11.49,16.39,15.71,16.01,11.24,11.15,16.44,22.54,18.60,32.03,3.80,20.30,-5.21,-5.08,0.00,1.34,13.82,14.51,3.04,2.19,1.84,20.27,20.27,20.90,1487.25,-88739.09,-115450.73,-43902.79,-13475.08,22.34,53.28,1.62,57.30,43.43,31.07
Siemens,500550,SIEMENS,INE003A01024,Electrical Equipment,Heavy Electrical Equipment,3536.30,53.04,125934.89,0.00,21.22,16.26,15.21,16.58,21.95,19.13,15.47,20.09,15.89,25.31,0.02,75.00,0.00,0.00,0.00,3.34,49.59,64.99,9.10,8.61,6.61,23.29,23.29,19.06,412.96,4468.20,6630.50,1567.30,1567.30,37.55,77.27,93.55,7.41,18.46,24.91
Siemens Ener.Ind,544390,ENRIN,INE1NPP01017,Electrical Equipment,Heavy Electrical Equipment,3281.50,86.67,116860.94,0.12,67.75,50.47,,,67.75,67.75,,,,,0.04,75.00,,0.00,0.00,,91.42,91.42,24.29,24.16,24.16,12.94,12.94,,,,,0.00,3454.10,37.55,36.78,52.22,13.39,,
Solar Industries,532725,SOLARINDS,INE343H01029,Chemicals & Petrochemicals,Explosives,18514.00,99.87,167533.29,0.06,36.79,31.46,31.44,31.70,35.80,33.62,12.45,31.36,28.70,43.47,0.24,73.15,0.00,0.00,1.76,3.48,74.27,94.02,26.69,24.55,20.89,5.93,5.93,7.54,81.45,1251.62,1452.02,1466.45,-1072.39,41.88,185.38,18.65,9.84,70.92,62.58
SRF,503806,SRF,INE647A01010,Chemicals & Petrochemicals,Commodity Chemicals,2794.50,43.54,82835.92,0.32,14.61,14.27,15.96,12.36,13.20,17.18,2.01,13.45,-4.11,9.70,0.36,50.26,-0.27,0.00,0.00,-10.59,43.20,53.28,5.90,6.51,6.99,14.59,14.59,15.91,281.68,1904.41,2242.85,1265.24,747.05,23.43,61.91,9.58,-13.50,7.90,13.27
Sun Pharma.Inds.,524715,SUNPHARMA,INE044A01036,Pharmaceuticals & Biotechnology,Pharmaceuticals,1904.80,36.63,457025.33,0.84,20.53,16.02,16.11,16.49,19.35,18.36,10.03,11.78,13.19,16.85,0.06,54.48,0.00,0.00,1.42,2.78,32.99,35.47,5.47,5.58,5.04,33.44,33.44,34.13,3215.06,30874.46,41319.33,12004.52,8905.93,35.08,47.84,49.47,13.63,22.17,22.87
Supreme Inds.,509930,SUPREMEIND,INE195A01028,Industrial Products,Plastic Products - Industrial,3228.70,43.97,41013.17,1.11,20.73,15.77,19.83,17.99,23.78,26.44,6.83,12.04,3.32,-0.89,0.01,48.96,0.11,0.00,0.00,13.24,48.12,55.70,6.65,10.29,8.83,47.94,47.94,42.84,381.15,1398.65,1871.37,115.99,416.47,21.24,75.10,42.86,-24.30,0.32,8.19
Suzlon Energy,532667,SUZLON,INE040H01021,Electrical Equipment,Heavy Electrical Equipment,56.87,24.51,77528.30,0.00,35.07,40.64,,38.95,30.84,26.62,40.99,37.98,164.98,45.66,0.06,11.73,-2.77,0.00,0.00,0.15,80.93,79.43,8.18,17.37,17.37,0.00,0.00,0.00,0.00,1202.71,2905.67,723.54,626.03,37.55,2.33,6.24,-13.22,48.40,46.42
Swiggy,544285,SWIGGY,INE00H001014,Retailing,E-Retail/ E-Commerce,248.27,,68530.30,0.00,-24.06,-29.05,,,-25.89,-32.37,40.77,55.36,0.19,,0.14,0.00,,0.00,0.00,,,,3.74,9.12,9.12,0.00,0.00,0.00,0.00,-8378.56,-16723.58,-2912.81,-3809.00,51.22,-15.05,-19.72,-35.26,,
Tata Capital,544574,TATACAP,INE976I01016,Finance,Non Banking Financial Company (NBFC),349.40,30.40,148315.72,0.00,8.58,12.34,14.39,13.24,9.10,8.90,32.26,26.24,17.19,34.07,5.15,85.41,,0.00,0.00,1.77,29.97,29.97,3.23,3.49,3.49,4.96,4.96,3.91,121.04,-108454.55,-146154.88,-30893.92,-38928.56,22.34,11.42,1.41,,,
Tata Comm,500483,TATACOMM,INE151A01013,Telecom - Services,Telecom - Cellular & Fixed line services,1906.70,51.52,54344.14,0.92,14.63,32.61,73.80,47.51,15.65,18.52,11.61,7.72,-15.22,-3.67,3.55,58.86,0.00,0.00,0.00,-3.39,36.36,45.88,15.76,27.51,33.35,49.80,49.80,45.92,575.13,3881.28,9334.19,711.43,2059.69,41.34,35.14,3.00,8.19,7.42,6.97
Tata Consumer,500800,TATACONSUM,INE192A01025,Agricultural Food & other Products,Tea & Coffee,1116.70,71.95,110514.43,0.90,9.24,7.35,7.23,7.52,9.68,9.47,13.76,11.83,12.52,12.07,0.13,33.83,-0.61,-0.01,0.00,5.75,78.55,79.70,5.07,5.56,5.24,64.16,64.16,64.07,777.39,5284.73,7875.85,1642.52,2015.76,26.17,15.59,16.79,2.48,10.15,8.09
Tata Elxsi,500408,TATAELXSI,INE670A01012,IT - Software,Computers - Software & Consulting,3678.90,32.93,22919.39,2.04,30.00,23.58,31.81,28.65,36.33,40.89,6.11,15.52,-2.77,13.75,0.05,43.90,-0.02,0.00,0.00,-11.89,58.67,52.80,7.54,16.26,21.84,74.35,74.35,62.96,402.48,2067.69,2902.68,795.81,653.65,21.52,100.88,52.54,-40.75,-21.32,-3.42
Tata Inv.Corpn.,501301,TATAINVEST,INE672A01026,Finance,Investment Company,667.30,77.85,33762.24,0.51,1.57,1.44,1.31,1.32,1.49,1.47,13.26,19.83,19.86,23.01,0.00,73.38,0.00,0.00,0.00,3.92,66.53,89.69,1.16,1.06,0.85,39.67,39.67,40.08,194.30,719.24,1070.99,205.48,279.08,32.21,8.57,832.72,-1.13,42.02,42.21
Tata Motors,544569,TMCV,INE1TAE01010,"Agricultural, Commercial & Construction Vehicles",Commercial Vehicles,432.00,40.19,159076.72,0.93,35.90,34.02,,,35.90,35.90,,,,,0.44,42.56,,0.00,0.00,,25.57,25.57,12.49,14.93,14.93,48.58,48.58,,,,,7005.00,12878.00,33.66,8.23,7.97,,,
Tata Motors PVeh,500570,TMPV,INE155A01022,Automobiles,Passenger Cars & Utility Vehicles,344.10,1.47,126717.68,0.87,2.73,75.66,36.72,52.36,12.77,9.20,-1.01,6.08,232.10,100.61,0.71,42.56,-3.83,0.00,0.00,0.01,9.82,8.77,1.13,1.70,2.01,1.34,1.34,5.53,1276.10,39571.00,55358.38,26034.00,-23195.00,30.30,223.74,1.89,-17.34,-1.07,10.48
Tata Power Co.,500400,TATAPOWER,INE245A01021,Power,Integrated Power Utilities,375.20,31.17,119889.14,0.67,10.53,10.21,11.08,11.03,10.95,10.77,4.24,13.80,5.97,27.42,1.93,46.86,0.00,0.00,0.00,5.22,31.65,31.90,3.04,3.56,3.36,21.32,21.32,18.91,671.08,18083.06,17096.25,12680.19,5993.33,29.84,11.73,2.30,-6.43,19.17,24.41
Tata Steel,500470,TATASTEEL,INE081A01020,Ferrous Metals,Iron & Steel,189.80,20.94,236937.35,2.11,12.52,11.71,14.30,7.44,9.45,14.39,-1.56,8.21,9.59,7.59,0.90,33.19,-0.72,0.00,0.00,2.18,28.54,56.13,2.32,2.09,1.92,46.23,46.23,25.44,4919.19,33206.55,75503.11,8731.01,21906.07,18.04,8.65,3.34,16.43,18.89,10.41
TCS,532540,TCS,INE467B01029,IT - Software,Computers - Software & Consulting,2093.50,14.48,757446.62,3.06,63.03,51.81,49.36,51.90,63.98,61.02,5.80,10.22,7.50,9.45,0.11,71.77,-0.53,0.00,0.00,1.93,29.96,28.42,7.06,13.35,13.36,80.92,80.92,77.47,33937.20,134695.00,210582.00,44994.00,48013.00,21.52,136.01,57.78,-38.78,-14.25,-8.82
Tech Mahindra,532755,TECHM,INE669C01036,IT - Software,Computers - Software & Consulting,1410.10,27.67,138197.97,3.62,23.12,17.53,15.72,13.28,17.85,20.37,2.16,8.46,1.14,2.44,0.07,34.97,-0.21,-0.01,0.00,24.27,30.36,35.10,4.67,5.23,5.05,93.88,93.88,112.42,3812.27,16567.40,25620.20,5302.80,5625.90,21.52,49.10,21.27,-14.81,6.27,5.58
Titan Company,500114,TITAN,INE280A01028,Consumer Durables,"Gems, Jewellery And Watches",4461.10,76.93,396050.28,0.34,25.80,37.68,32.45,34.43,22.55,22.82,29.24,32.26,16.54,39.88,0.93,52.90,0.00,0.00,0.00,4.65,87.56,87.94,25.22,27.10,26.41,26.32,26.32,27.89,970.10,4726.00,4736.00,-1011.00,4713.00,17.95,57.14,6.85,21.00,12.90,20.58
Torrent Pharma.,500420,TORNTPHARM,INE685A01028,Pharmaceuticals & Biotechnology,Pharmaceuticals,4768.30,73.64,161380.94,0.80,15.19,27.43,23.68,26.17,21.80,20.82,13.27,11.80,21.65,12.07,1.79,68.31,-2.94,0.00,0.00,3.40,55.30,60.56,19.24,15.08,11.72,59.45,59.45,57.78,974.77,7344.24,10904.35,1991.01,2386.27,35.08,63.92,8.56,41.58,36.23,26.54
Trent,500251,TRENT,INE849A01020,Retailing,Speciality Retail,3340.60,103.19,178131.58,0.12,28.34,27.74,23.75,28.55,27.61,20.31,34.55,50.58,70.71,68.68,0.37,37.01,0.00,0.00,0.00,1.46,149.79,147.81,25.50,36.68,24.74,8.27,8.27,9.14,114.47,2685.68,2905.05,799.23,931.21,51.42,32.25,10.65,-8.16,42.50,40.91
Tube Investments,540762,TIINDIA,INE974X01010,Auto Components,Auto Components & Equipments,2975.80,87.46,57602.06,0.12,16.96,9.91,18.68,15.38,21.68,24.54,15.15,30.30,-11.39,16.88,0.10,44.04,-2.17,-0.01,0.01,-7.68,69.69,82.33,7.43,12.56,13.16,10.63,10.63,8.77,55.50,-406.56,1234.76,6.78,-265.66,30.18,32.90,31.95,-0.41,-1.95,21.31
TVS Motor Co.,532343,TVSMOTOR,INE494B01023,Automobiles,2/3 Wheelers,3627.40,56.74,172333.10,0.33,17.37,33.62,27.81,29.75,15.76,14.30,20.59,23.62,32.72,38.23,3.43,50.27,0.00,0.00,0.00,1.73,54.43,61.27,18.02,18.01,14.34,18.89,18.89,20.89,368.20,-2598.95,-10854.03,1043.86,-1279.60,36.25,63.53,3.18,25.95,40.08,42.78
UltraTech Cem.,532538,ULTRACEMCO,INE481G01011,Cement & Cement Products,Cement & Cement Products,11723.00,41.78,345452.39,0.66,12.78,11.23,11.34,10.87,12.93,13.20,11.86,14.63,17.93,8.37,0.31,59.33,-0.63,0.04,0.00,2.33,44.20,47.70,4.51,5.13,4.79,86.61,86.61,51.09,2714.18,9541.54,16181.56,1722.80,5805.25,30.20,277.10,6.91,-6.26,11.85,11.77
Union Bank (I),532477,UNIONBANK,INE692A01016,Banks,Public Sector Bank,163.09,6.41,124496.47,3.07,6.30,15.70,14.13,16.13,6.48,5.78,9.58,9.03,31.65,46.86,10.39,74.76,-8.73,0.00,0.00,0.20,6.33,6.39,0.93,0.94,0.81,19.64,19.64,19.89,2707.98,-4374.90,35195.45,15831.88,-38830.87,7.92,25.45,1.35,6.53,28.06,33.20
United Spirits,532432,UNITDSPR,INE854D01024,Beverages,Breweries & Distilleries,1393.30,55.49,101341.79,1.22,27.49,21.41,20.22,20.73,27.29,25.40,5.52,8.92,23.45,34.48,0.05,56.67,0.00,0.00,1.18,2.37,62.16,62.40,11.32,12.41,12.52,43.39,43.39,48.24,464.00,4356.00,5742.80,1786.00,1531.00,46.41,25.27,15.62,1.10,14.42,16.09
UPL,512070,UPL,INE628A01036,Fertilizers & Agrochemicals,Pesticides & Agrochemicals,607.40,27.12,51258.79,0.99,10.17,5.91,6.85,1.97,7.04,9.96,-1.09,6.02,-19.73,-8.93,0.68,33.51,0.99,0.01,0.00,-1.37,19.46,28.25,1.48,1.75,2.04,26.38,26.38,24.44,514.80,9263.00,18656.00,8896.00,0.00,21.99,22.78,1.91,-10.85,-1.86,-4.75
Varun Beverages,540180,VBL,INE200M01039,Beverages,Other Beverages,515.80,54.82,174467.54,0.29,19.71,16.21,22.46,21.46,24.46,23.58,18.08,27.44,23.97,50.22,0.13,59.44,-4.45,0.00,0.00,2.29,60.57,64.00,8.91,18.32,14.02,16.71,16.71,15.18,301.17,-365.48,90.62,-359.27,796.93,81.89,9.41,24.70,13.08,16.02,40.24
Vedanta,500295,VEDL,INE205A01025,Diversified Metals,Diversified Metals,280.40,6.33,109647.28,15.51,16.08,38.15,28.35,31.01,16.21,19.41,-18.95,-2.28,17.48,7.62,0.66,56.38,-11.73,0.00,0.00,0.36,5.62,8.49,2.21,1.68,1.10,76.44,76.44,149.60,19154.90,60692.00,104761.00,22848.00,18747.00,33.39,44.47,7.04,68.83,40.83,23.26
Vishal Mega Mart,544307,VMM,INE01EA01019,Retailing,Diversified Retail,120.57,67.18,56383.06,0.00,14.79,12.15,8.62,10.39,13.08,11.26,19.38,23.72,38.98,47.90,0.27,40.12,,-13.97,0.00,1.72,98.32,98.32,7.60,9.01,9.01,0.00,0.00,0.00,0.00,3020.72,3937.16,1138.10,1299.21,35.88,1.80,7.56,-6.79,,
Vodafone Idea,532822,IDEA,INE669E01016,Telecom - Services,Telecom - Cellular & Fixed line services,14.25,,154388.82,0.00,-1.60,,,,-2.38,-3.14,2.09,1.36,5.71,0.21,,25.64,-24.72,0.07,0.00,,,,,,3.49,0.00,0.00,0.00,0.00,26962.00,51689.50,-931.20,8597.00,41.34,3.19,-0.12,93.61,24.41,9.38
Voltas,500575,VOLTAS,INE226A01021,Consumer Durables,Household Appliances,1280.20,107.83,42359.86,0.31,9.04,6.10,7.64,8.03,11.73,11.56,14.46,13.52,17.48,-5.62,0.16,30.30,0.00,0.00,0.00,6.17,79.93,91.80,6.64,7.13,6.96,35.20,35.20,44.97,173.67,-0.35,518.92,-415.89,-57.68,48.05,11.36,7.72,-6.17,18.64,4.76
Waaree Energies,544277,WAAREEENER,INE377N01017,Electrical Equipment,Other Electrical Equipment,2859.20,20.95,82245.27,0.07,38.78,32.83,31.62,31.21,39.11,38.00,57.82,68.52,99.63,143.12,0.22,64.19,,-0.03,0.00,0.21,39.16,39.16,5.70,8.23,8.23,1.55,1.55,0.52,11.51,-2355.27,-1454.54,-114.41,-3208.53,31.14,129.02,20.06,-3.99,,
Wipro,507685,WIPRO,INE075A01022,IT - Software,Computers - Software & Consulting,176.08,13.24,174381.70,6.25,17.84,15.46,16.35,15.50,18.12,18.63,0.78,8.38,5.10,4.05,0.23,72.62,-0.30,-0.01,0.00,2.60,20.38,20.46,2.10,3.27,3.37,87.42,87.42,46.66,4436.21,46041.00,66810.30,15621.10,13447.10,21.52,12.58,12.87,-34.80,-3.66,-8.07
Yes Bank,532648,YESBANK,INE528G01035,Banks,Private Sector Bank,24.39,21.80,76552.31,0.00,5.98,7.10,4.39,5.34,6.05,5.61,9.99,8.55,68.76,24.64,7.51,0.00,0.00,0.00,0.00,0.32,35.45,32.47,1.50,1.38,1.24,0.00,0.00,0.00,0.00,34862.45,31506.16,5665.07,20514.70,16.01,1.12,1.23,21.65,12.46,12.64
Zydus Lifesci.,532321,ZYDUSLIFE,INE010B01027,Pharmaceuticals & Biotechnology,Pharmaceuticals,1140.60,21.15,114771.05,0.09,21.15,21.25,21.01,21.07,22.60,19.22,16.35,12.45,31.96,18.77,0.46,75.01,0.03,0.01,0.00,0.66,21.38,21.60,4.23,4.15,3.66,2.00,2.00,11.42,474.44,6930.50,9677.40,5115.50,-530.00,35.08,50.09,17.26,13.95,24.93,12.11
