Name,Ticker,Sector,ROCE %,Avg ROCE 5Yr %,Min ROCE 5Yr %,ROE %,Avg ROE 5Yr %,Min ROE 5Yr %,Sales growth 5Yr %,Profit growth 5Yr %,Debt to equity,Promoter holding %,Promoter holding 3Yr ago %,Pledged percentage %,PEG Ratio,PE,Avg PE 5Yr,Price to book,Avg ROCE 3Yr %,Avg ROE 3Yr %,Sales growth 3Yr %,Profit growth 3Yr %,Free cash flow last year,Dividend yield %,Return 1Yr %,Return 3Yr %,Return 5Yr %,Industry PE
Apple Inc.,AAPL,Technology,55.2,50.1,42.0,150.0,120.0,85.0,11.2,15.4,1.45,0.07,0.07,0.0,2.8,30.5,28.0,38.5,,,,,,,,,,
Microsoft Corporation,MSFT,Technology,38.5,35.2,30.0,38.5,36.8,32.0,14.2,18.5,0.22,0.05,0.05,0.0,2.2,34.2,32.0,12.8,,,,,,,,,,
Alphabet Inc.,GOOGL,Technology,28.1,26.5,22.0,26.2,25.0,21.0,16.5,20.2,0.05,0.12,0.13,0.0,1.4,24.5,26.0,6.5,,,,,,,,,,
NVIDIA Corporation,NVDA,Technology,62.0,40.5,22.0,58.0,38.0,18.0,45.0,55.0,0.15,3.8,4.0,0.0,1.1,68.0,50.0,42.0,,,,,,,,,,
JPMorgan Chase & Co.,JPM,BFSI,14.5,13.8,11.2,16.2,15.5,12.5,8.5,11.0,4.5,0.1,0.1,0.0,1.3,11.8,13.5,1.6,,,,,,,,,,
Johnson & Johnson,JNJ,Healthcare,20.2,21.0,18.5,22.5,23.2,19.0,4.8,6.2,0.35,0.02,0.02,0.0,2.5,15.5,17.0,5.2,,,,,,,,,,
"Meta Platforms, Inc.",META,Technology,26.5,27.2,20.0,28.0,28.5,18.5,18.5,22.0,0.08,0.15,0.16,0.0,1.2,22.0,24.0,6.8,,,,,,,,,,
"Amazon.com, Inc.",AMZN,Consumer Cyclical,12.2,13.5,8.0,14.5,15.0,7.5,19.5,25.0,0.42,9.5,10.0,0.0,1.6,38.0,45.0,8.2,,,,,,,,,,
Berkshire Hathaway Inc.,BRK-B,BFSI,8.5,9.2,7.0,9.8,10.5,8.2,7.2,9.5,0.25,0.0,0.0,0.0,1.8,14.2,15.0,1.4,,,,,,,,,,
Costco Wholesale Corp,COST,Consumer Defensive,22.5,21.8,19.5,26.5,25.8,22.0,10.5,12.8,0.28,0.15,0.15,0.0,3.2,45.0,38.0,11.5,,,,,,,,,,
"Delta Air Lines, Inc.",DAL,Industrials,24.99,21.24,,24.99,21.24,,10.32,9.6,1.05,90.4,90.4,0.0,0.21,13.54,13.54,2.97,22.49,22.49,12.9,12.0,3093374976.0,84.0,85.5,105.21,121.67,32.32
"Regeneron Pharmaceuticals, Inc.",REGN,Healthcare,14.55,12.37,,14.55,12.37,,15.2,-5.76,0.09,94.25,94.25,0.0,1.13,15.97,15.97,2.12,13.09,13.09,19.0,-7.2,3273349888.0,57.0,21.59,-5.76,13.3,26.17
"Cencora, Inc.",COR,Healthcare,107.13,91.06,,107.13,91.06,,3.04,102.64,4.21,103.01,103.01,0.0,0.63,22.72,22.72,16.98,96.42,96.42,3.8,128.3,-318246112.0,81.0,-1.98,60.36,176.37,26.17
Coherent Corp.,COHR,Technology,4.72,4.01,,4.72,4.01,,16.4,9.6,0.31,93.86,93.86,0.0,0.92,158.74,158.74,6.11,4.25,4.25,20.5,12.0,-197631744.0,0.0,278.6,601.66,350.0,37.83
Eversource Energy,ES,Utilities,10.91,9.28,,10.91,9.28,,7.52,5.92,1.82,87.13,87.13,0.0,3.15,15.94,15.94,1.69,9.82,9.82,9.4,7.4,587291392.0,423.0,15.61,22.74,12.09,22.42
"DexCom, Inc.",DXCM,Healthcare,35.62,30.28,,35.62,30.28,,12.0,73.76,0.47,102.74,102.74,0.0,1.33,30.58,30.58,9.3,32.06,32.06,15.0,92.2,1056637504.0,0.0,-14.09,-43.64,-35.32,26.17
Constellation Energy Corporation,CEG,Utilities,16.1,13.69,,16.1,13.69,,51.04,872.8,0.66,83.51,83.51,0.0,3.74,20.79,20.79,2.59,14.49,14.49,63.8,1091.0,-4478875136.0,71.0,-24.82,169.66,0.0,22.42
"F5, Inc.",FFIV,Technology,20.34,17.29,,20.34,17.29,,8.8,3.2,0.07,110.63,110.63,0.0,1.76,33.56,33.56,6.35,18.31,18.31,11.0,4.0,759182528.0,0.0,36.38,181.83,115.35,37.83
CME Group Inc.,CME,BFSI,15.92,13.53,,15.92,13.53,,11.52,17.04,0.14,92.92,92.92,0.0,4.15,20.2,20.2,3.22,14.33,14.33,14.4,21.3,3030237440.0,220.0,-16.26,46.91,40.31,17.06
The AES Corporation,AES,Utilities,5.26,4.47,,5.26,4.47,,6.96,760.88,2.6,90.74,90.74,0.0,0.81,7.59,7.59,2.35,4.73,4.73,8.7,951.1,-2964999936.0,483.0,26.56,-16.74,-31.77,22.42
Adobe Inc.,ADBE,Technology,62.95,53.51,,62.95,53.51,,10.16,6.32,0.61,88.33,88.33,0.0,0.6,12.56,12.56,7.61,56.66,56.66,12.7,7.9,9218374656.0,0.0,-41.71,-54.46,-63.19,37.83
"Cadence Design Systems, Inc.",CDNS,Technology,20.66,17.56,,20.66,17.56,,14.96,18.4,0.47,91.38,91.38,0.0,3.54,86.98,86.98,15.69,18.59,18.59,18.7,23.0,1499152256.0,0.0,16.5,62.69,169.08,37.83
"BXP, Inc.",BXP,Real Estate,5.53,4.7,,5.53,4.7,,0.48,52.4,2.12,114.68,114.68,0.0,3.17,34.83,34.83,2.13,4.97,4.97,0.6,65.5,941118656.0,404.0,2.96,45.84,-22.67,33.16
The Cigna Group,CI,Healthcare,16.27,13.83,,16.27,13.83,,3.68,23.28,0.73,94.2,94.2,0.0,0.86,12.19,12.19,1.8,14.64,14.64,4.6,29.1,6923375104.0,217.0,-8.25,10.89,34.13,26.17
Lennar Corporation,LEN,Consumer Cyclical,7.37,6.26,,7.37,6.26,,-4.16,-25.2,0.29,103.88,103.88,0.0,12.01,13.83,13.83,0.98,6.63,6.63,-5.2,-31.5,1077926016.0,227.0,-19.24,-23.97,-1.72,25.44
"T-Mobile US, Inc.",TMUS,Communication Services,18.02,15.32,,18.02,15.32,,8.48,-9.6,2.19,99.07,99.07,0.0,0.7,18.87,18.87,3.45,16.22,16.22,10.6,-12.0,11147374592.0,230.0,-25.3,36.22,26.5,25.32
"Hasbro, Inc.",HAS,Consumer Cyclical,17.9,15.22,,-23.32,-19.82,,10.16,78.88,5.74,97.71,97.71,0.0,1.77,12.53,12.53,17.5,16.11,-20.98,12.7,98.6,547924992.0,349.0,4.7,42.81,1.61,25.44
Fortive Corporation,FTV,Technology,6.81,5.79,,6.81,5.79,,6.16,-9.92,0.59,112.16,112.16,0.0,0.98,36.85,36.85,3.15,6.13,6.13,7.7,-12.4,953612480.0,38.0,18.21,15.51,21.76,37.83
"Agilent Technologies, Inc.",A,Healthcare,21.33,18.13,,21.33,18.13,,8.0,48.0,0.5,94.22,94.22,0.0,1.16,26.24,26.24,5.18,19.2,19.2,10.0,60.0,930625024.0,78.0,9.59,15.12,,26.17
"Marsh & McLennan Companies, Inc.",MRSH,BFSI,27.57,23.44,,27.57,23.44,,6.08,-12.32,1.52,95.21,95.21,0.0,1.73,22.32,22.32,5.91,24.81,24.81,7.6,-15.4,4965374976.0,202.0,-16.24,2.17,35.14,17.06
State Street Corporation,STT,BFSI,11.26,9.57,,11.26,9.57,,-2.24,-19.28,0.0,97.09,97.09,0.0,1.15,17.33,17.33,1.96,10.13,10.13,-2.8,-24.1,0.0,197.0,55.51,162.45,144.16,17.06
Medtronic plc,MDT,Healthcare,9.84,8.36,,9.84,8.36,,7.92,14.64,0.58,89.95,89.95,0.0,1.64,22.3,22.3,2.15,8.86,8.86,9.9,18.3,4625375232.0,346.0,-5.11,6.31,-23.37,26.17
Vistra Corp.,VST,Utilities,42.9,36.46,,42.9,36.46,,34.72,9.6,3.55,91.7,91.7,0.0,0.45,25.26,25.26,16.36,38.61,38.61,43.4,12.0,476875008.0,61.0,-22.02,504.99,803.52,22.42
"Cardinal Health, Inc.",CAH,Healthcare,5.4,4.59,,0.0,0.0,,8.8,-15.6,0.0,90.33,90.33,0.0,1.48,36.48,36.48,-19.83,4.86,0.0,11.0,-19.5,4849999872.0,86.0,42.54,168.22,367.84,26.17
Dover Corporation,DOV,Industrials,15.0,12.75,,15.0,12.75,,8.08,4.24,0.44,96.03,96.03,0.0,1.78,26.75,26.75,3.84,13.5,13.5,10.1,5.3,840764352.0,97.0,14.06,54.28,50.98,32.32
"Verisk Analytics, Inc.",VRSK,Industrials,27.0,22.95,,0.0,0.0,,3.12,3.84,0.0,105.19,105.19,0.0,1.83,28.76,28.76,84.35,24.3,0.0,3.9,4.8,944362496.0,106.0,-38.88,-13.83,9.7,32.32
Honeywell Aerospace Inc.,HONA,Industrials,0.0,0.0,,0.0,0.0,,5.44,9.6,0.0,0.09,0.09,0.0,1.5,52.03,52.03,0.0,0.0,0.0,6.8,12.0,0.0,0.0,23.57,0.0,0.0,32.32
Northern Trust Corporation,NTRS,BFSI,14.46,12.29,,14.46,12.29,,11.12,34.08,0.0,87.26,87.26,0.0,1.38,18.48,18.48,2.7,13.02,13.02,13.9,42.6,0.0,181.0,37.35,168.2,79.22,17.06
Invesco Ltd.,IVZ,BFSI,4.02,3.42,,-1.54,-1.3,,11.28,28.0,0.15,97.87,97.87,0.0,0.86,8.95,8.95,1.23,3.62,-1.38,14.1,35.0,861862528.0,318.0,61.54,86.96,28.22,17.06
Aptiv PLC,APTV,Consumer Cyclical,8.55,7.26,,4.08,3.47,,4.32,9.6,1.04,102.31,102.31,0.0,0.95,35.05,35.05,1.35,7.69,3.67,5.4,12.0,1091124992.0,0.0,-18.24,-41.79,-62.63,25.44
Garmin Ltd.,GRMN,Technology,19.9,16.91,,19.9,16.91,,11.36,17.2,0.02,73.46,73.46,0.0,3.29,26.82,26.82,4.99,17.91,17.91,14.2,21.5,810156096.0,175.0,11.93,147.5,82.19,37.83
Freeport-McMoRan Inc.,FCX,Basic Materials,15.63,13.29,,15.63,13.29,,7.04,122.48,0.33,89.04,89.04,0.0,4.11,32.26,32.26,4.49,14.07,14.07,8.8,153.1,1709874944.0,98.0,35.1,61.83,81.4,29.1
Viatris Inc.,VTRS,Healthcare,3.46,2.94,,-1.96,-1.66,,6.48,9.6,1.0,88.17,88.17,0.0,0.15,6.27,6.27,1.33,3.11,-1.76,8.1,12.0,2238337536.0,287.0,81.52,95.54,45.24,26.17
GE Vernova Inc.,GEV,Industrials,75.71,64.35,,75.71,64.35,,13.04,1453.2,0.25,79.81,79.81,0.0,1.92,32.58,32.58,21.48,68.14,68.14,16.3,1816.5,9315624960.0,18.0,109.91,0.0,0.0,32.32
"TKO Group Holdings, Inc.",TKO,Communication Services,6.74,5.73,,6.74,5.73,,20.72,50.4,0.58,122.45,122.45,0.0,1.37,72.54,72.54,4.32,6.06,6.06,25.9,63.0,830904512.0,160.0,10.25,90.71,270.28,25.32
"Prologis, Inc.",PLD,Real Estate,6.84,5.82,,6.84,5.82,,6.64,52.16,0.61,98.29,98.29,0.0,108.46,35.12,35.12,2.43,6.16,6.16,8.3,65.2,4854310400.0,307.0,31.13,27.22,31.42,33.16
"Henry Schein, Inc.",HSIC,Healthcare,8.76,7.45,,8.76,7.45,,5.04,3.6,0.78,109.06,109.06,0.0,1.84,26.11,26.11,3.03,7.89,7.89,6.3,4.5,290124992.0,0.0,17.67,8.12,13.66,26.17
Coca-Cola Europacific Partners PLC,CCEP,Consumer Defensive,22.89,19.46,,22.89,19.46,,0.16,54.64,1.3,94.05,94.05,0.0,3.1,21.98,21.98,5.37,20.6,20.6,0.2,68.3,1747874944.0,226.0,10.11,81.29,104.86,23.56
IDEX Corporation,IEX,Industrials,12.75,10.84,,12.75,10.84,,7.12,22.24,0.47,106.3,106.3,0.0,1.91,33.11,33.11,4.11,11.47,11.47,8.9,27.8,525024992.0,130.0,24.81,11.07,8.74,32.32
"PulteGroup, Inc.",PHM,Consumer Cyclical,16.18,13.75,,16.18,13.75,,-9.92,-24.32,0.19,97.46,97.46,0.0,1.21,12.91,12.91,1.97,14.56,14.56,-12.4,-30.4,1483359744.0,78.0,23.61,75.99,160.01,25.44
"CrowdStrike Holdings, Inc.",CRWD,Technology,-0.25,-0.21,,-0.25,-0.21,,20.48,9.6,0.18,76.37,76.37,0.0,6.31,124.21,124.21,10.66,-0.22,-0.22,25.6,12.0,1926365056.0,0.0,53.51,434.79,192.82,37.83
"Charles River Laboratories International, Inc.",CRL,Healthcare,6.4,5.44,,-5.87,-4.99,,0.96,9.6,1.03,123.94,123.94,0.0,0.12,18.73,18.73,3.78,5.76,-5.28,1.2,12.0,510023744.0,0.0,49.9,12.13,-38.88,26.17
Public Storage,PSA,Real Estate,20.18,17.15,,20.18,17.15,,2.56,26.24,1.08,97.36,97.36,0.0,4.8,34.02,34.02,11.81,18.16,18.16,3.2,32.8,2338522624.0,364.0,12.91,28.75,33.26,33.16
Bank of America Corporation,BAC,BFSI,10.64,9.05,,10.64,9.05,,6.48,19.52,0.0,77.92,77.92,0.0,1.05,14.57,14.57,1.52,9.58,9.58,8.1,24.4,0.0,191.0,20.69,125.54,65.66,17.06
Electronic Arts Inc.,EA,Communication Services,13.49,11.47,,13.49,11.47,,9.52,68.24,0.27,95.32,95.32,0.0,1.27,58.46,58.46,7.61,12.14,12.14,11.9,85.3,2219124992.0,37.0,33.66,59.4,47.32,25.32
"Expedia Group, Inc.",EXPE,Consumer Cyclical,71.49,60.77,,71.49,60.77,,11.76,9.6,2.57,104.97,104.97,0.0,0.88,23.76,23.76,55.98,64.34,64.34,14.7,12.0,3478249984.0,66.0,51.12,151.11,64.29,25.44
Federal Realty Investment Trust,FRT,Real Estate,14.78,12.57,,14.78,12.57,,8.24,122.0,1.38,102.54,102.54,0.0,3.59,21.09,21.09,3.34,13.3,13.3,10.3,152.5,448925248.0,371.0,29.16,46.54,28.44,33.16
Comcast Corporation,CMCSA,Communication Services,20.92,17.78,,20.92,17.78,,4.24,-26.08,1.07,94.29,94.29,0.0,142.98,4.66,4.66,0.96,18.83,18.83,5.3,-32.6,4013125120.0,555.0,-28.37,-31.52,-48.19,25.32
"Diamondback Energy, Inc.",FANG,Energy,0.47,0.4,,0.47,0.4,,3.36,-78.72,0.33,97.18,97.18,0.0,56.78,175.55,175.55,1.33,0.43,0.43,4.2,-98.4,1397250048.0,256.0,24.74,49.33,133.27,18.21
PPL Corporation,PPL,Utilities,8.32,7.07,,8.32,7.07,,8.64,5.84,1.35,89.23,89.23,0.0,1.43,22.63,22.63,1.85,7.48,7.48,10.8,7.3,-1615124992.0,309.0,9.53,55.76,56.58,22.42
Ford Motor Company,F,Consumer Cyclical,0.51,0.43,,-14.81,-12.59,,5.12,344.64,4.26,67.9,67.9,0.0,8.48,7.3,7.3,1.42,0.46,-13.33,6.4,430.8,-2247500032.0,449.0,15.27,9.09,24.3,25.44
Carvana Co.,CVNA,Consumer Cyclical,60.17,51.15,,60.17,51.15,,41.6,9.52,1.21,110.37,110.37,0.0,1.5,39.65,39.65,13.18,54.15,54.15,52.0,11.9,196750000.0,0.0,-4.01,1123.69,8.46,25.44
Baker Hughes Company,BKR,Energy,17.18,14.61,,17.18,14.61,,2.0,106.0,0.83,99.99,99.99,0.0,2.12,16.86,16.86,2.71,15.47,15.47,2.5,132.5,3151249920.0,174.0,35.02,80.95,165.45,18.21
Booking Holdings Inc.,BKNG,Consumer Cyclical,33.39,28.38,,0.0,0.0,,12.96,192.0,0.0,97.43,97.43,0.0,0.8,24.32,24.32,-16.5,30.05,0.0,16.2,240.0,7075125248.0,87.0,-20.67,76.71,112.03,25.44
Rocket Lab Corporation,RKLB,Industrials,-9.87,-8.39,,-13.55,-11.52,,50.8,9.6,0.06,58.14,58.14,0.0,1.5,-14070.03,-14070.03,25.54,-8.88,-12.19,63.5,12.0,-214999376.0,0.0,158.38,1611.41,819.96,32.32
ON Semiconductor Corporation,ON,Technology,10.24,8.7,,7.49,6.37,,3.76,9.6,0.44,109.9,109.9,0.0,0.3,67.07,67.07,4.9,9.22,6.74,4.7,12.0,1282174976.0,0.0,67.04,0.01,138.61,37.83
TransDigm Group Incorporated,TDG,Industrials,17.65,15.01,,0.0,0.0,,14.64,9.2,0.0,98.5,98.5,0.0,3.05,42.02,42.02,-8.2,15.89,0.0,18.3,11.5,1524875008.0,0.0,-11.53,80.21,147.16,32.32
Generac Holdings Inc.,GNRC,Industrials,7.39,6.28,,7.39,6.28,,9.92,55.92,0.52,95.36,95.36,0.0,1.05,78.71,78.71,5.55,6.65,6.65,12.4,69.9,115297624.0,0.0,70.34,70.64,-41.15,32.32
"Nasdaq, Inc.",NDAQ,BFSI,16.2,13.77,,16.2,13.77,,10.96,27.04,0.79,97.19,97.19,0.0,2.06,25.5,25.5,3.97,14.58,14.58,13.7,33.8,1559624960.0,132.0,-6.5,77.95,54.17,17.06
Strategy Inc,MSTR,Technology,-26.72,-22.71,,-30.76,-26.14,,9.52,9.6,0.18,64.25,64.25,0.0,2.85,22.58,22.58,0.95,-24.05,-27.68,11.9,12.0,-8699502592.0,0.0,-74.53,209.48,58.87,37.83
"Corpay, Inc.",CPAY,Technology,32.12,27.31,,32.12,27.31,,20.32,39.28,2.71,106.09,106.09,0.0,0.85,21.09,21.09,6.64,28.91,28.91,25.4,49.1,2095142784.0,0.0,6.12,43.35,37.43,37.83
ConocoPhillips,COP,Energy,11.28,9.59,,11.28,9.59,,-4.24,-16.16,0.36,87.57,87.57,0.0,0.89,17.75,17.75,1.98,10.16,10.16,-5.3,-20.2,5289124864.0,321.0,13.16,11.92,107.65,18.21
Shopify Inc.,SHOP,Technology,14.43,12.27,,11.31,9.61,,27.44,9.6,0.01,73.92,73.92,0.0,2.57,117.12,117.12,12.43,12.99,10.18,34.3,12.0,1256749952.0,0.0,2.4,84.87,-22.33,37.83
"The Home Depot, Inc.",HD,Consumer Cyclical,128.38,109.12,,128.38,109.12,,3.84,-3.44,4.59,76.05,76.05,0.0,2.02,25.44,25.44,25.72,115.54,115.54,4.8,-4.3,10128249856.0,260.0,-2.65,25.99,26.96,25.44
"Workday, Inc.",WDAY,Technology,10.86,9.23,,10.86,9.23,,10.8,198.4,0.57,109.74,109.74,0.0,0.53,42.18,42.18,4.5,9.77,9.77,13.5,248.0,3118749952.0,0.0,-43.87,-39.27,-43.24,37.83
Baxter International Inc.,BAX,Healthcare,4.27,3.63,,-15.01,-12.76,,2.32,9.6,1.61,106.58,106.58,0.0,36.68,11.25,11.25,1.94,3.85,-13.51,2.9,12.0,900875008.0,88.0,-23.71,-46.52,-69.08,26.17
"Yum! Brands, Inc.",YUM,Consumer Cyclical,34.95,29.71,,0.0,0.0,,12.16,57.76,0.0,89.61,89.61,0.0,2.04,26.61,26.61,-6.23,31.46,0.0,15.2,72.2,1261500032.0,182.0,9.56,29.12,55.63,25.44
"HCA Healthcare, Inc.",HCA,Healthcare,18.52,15.74,,0.0,0.0,,3.44,8.72,0.0,94.59,94.59,0.0,1.24,14.15,14.15,-14.49,16.66,0.0,4.3,10.9,5726000128.0,76.0,8.32,40.29,99.26,26.17
"Ameriprise Financial, Inc.",AMP,BFSI,66.94,56.9,,66.94,56.9,,7.2,52.8,0.56,92.31,92.31,0.0,1.64,12.2,12.2,7.09,60.24,60.24,9.0,66.0,3355624960.0,139.0,-8.81,56.6,113.11,17.06
"Consolidated Edison, Inc.",ED,Utilities,8.73,7.42,,8.73,7.42,,4.96,10.32,1.06,75.25,75.25,0.0,3.05,19.22,19.22,1.64,7.86,7.86,6.2,12.9,-833249984.0,305.0,14.32,40.23,86.09,22.42
"Quanta Services, Inc.",PWR,Industrials,13.53,11.5,,13.53,11.5,,21.04,40.8,0.69,95.57,95.57,0.0,1.84,91.8,91.8,11.09,12.18,12.18,26.3,51.0,1037176768.0,7.0,73.23,246.39,665.56,32.32
"Builders FirstSource, Inc.",BLDR,Industrials,6.96,5.91,,6.96,5.91,,-8.08,9.6,1.32,104.29,104.29,0.0,2.02,32.32,32.32,2.27,6.26,6.26,-10.1,12.0,640900096.0,0.0,-32.17,-37.42,100.83,32.32
Cognizant Technology Solutions Corporation,CTSH,Technology,15.66,13.31,,14.88,12.64,,4.64,2.88,0.07,108.29,108.29,0.0,0.69,9.11,9.11,1.32,14.09,13.39,5.8,3.6,1908875008.0,314.0,-47.81,-30.17,-33.62,37.83
"The Cooper Companies, Inc.",COO,Healthcare,3.78,3.21,,2.85,2.43,,6.32,9.6,0.33,107.65,107.65,0.0,0.7,62.88,62.88,1.76,3.4,2.57,7.9,12.0,424275008.0,0.0,1.24,-21.99,-27.5,26.17
"EOG Resources, Inc.",EOG,Energy,18.2,15.47,,18.2,15.47,,12.48,31.68,0.27,97.93,97.93,0.0,1.04,12.86,12.86,2.26,16.38,16.38,15.6,39.6,2864250112.0,312.0,9.34,30.72,99.9,18.21
Trimble Inc.,TRMB,Technology,8.25,7.01,,8.25,7.01,,9.44,44.48,0.25,99.04,99.04,0.0,1.48,27.77,27.77,2.18,7.43,7.43,11.8,55.6,370112512.0,0.0,-32.54,1.45,-35.89,37.83
Norfolk Southern Corporation,NSC,Industrials,17.61,14.97,,17.61,14.97,,0.16,-21.28,1.12,78.19,78.19,0.0,4.72,27.16,27.16,4.59,15.85,15.85,0.2,-26.6,1298749952.0,167.0,24.12,54.38,33.11,32.32
"Super Micro Computer, Inc.",SMCI,Technology,17.88,15.2,,17.88,15.2,,98.16,260.8,1.21,76.58,76.58,0.0,0.91,14.33,14.33,2.16,16.09,16.09,122.7,326.0,-7448383488.0,0.0,-42.22,15.37,686.71,37.83
"General Mills, Inc.",GIS,Consumer Defensive,8.6,7.31,,-1.03,-0.87,,1.76,-11.6,2.18,91.14,91.14,0.0,11.74,11.63,11.63,3.63,7.74,-0.93,2.2,-14.5,2308499968.0,649.0,-27.53,-44.32,-24.35,23.56
"Block, Inc.",XYZ,Technology,3.74,3.18,,3.74,3.18,,3.92,9.6,0.38,85.64,85.64,0.0,0.85,61.59,61.59,2.14,3.37,3.37,4.9,12.0,-794561728.0,0.0,13.57,21.71,-68.05,37.83
"Kinder Morgan, Inc.",KMI,Energy,10.6,9.01,,10.6,9.01,,11.04,28.8,0.99,83.53,83.53,0.0,3.8,21.52,21.52,2.28,9.54,9.54,13.8,36.0,1646875008.0,367.0,13.17,119.51,129.2,18.21
Nucor Corporation,NUE,Basic Materials,12.29,10.44,,12.29,10.44,,17.04,305.68,0.32,81.72,81.72,0.0,5.21,21.88,21.88,2.34,11.06,11.06,21.3,382.1,-384100000.0,101.0,61.19,43.48,156.92,29.1
Kimco Realty Corporation,KIM,Real Estate,5.86,4.98,,5.86,4.98,,3.2,23.52,0.79,105.39,105.39,0.0,3.37,29.1,29.1,1.64,5.27,5.27,4.0,29.4,838712128.0,411.0,19.38,51.35,52.62,33.16
"Rollins, Inc.",ROL,Consumer Cyclical,38.67,32.87,,38.67,32.87,,8.16,1.04,0.77,100.09,100.09,0.0,3.13,39.8,39.8,15.11,34.8,34.8,10.2,1.3,521446112.0,168.0,-22.85,6.45,32.44,25.44
A. O. Smith Corporation,AOS,Industrials,28.27,24.03,,28.27,24.03,,-1.52,-8.4,0.35,110.39,110.39,0.0,1.65,16.73,16.73,4.6,25.44,25.44,-1.9,-10.5,495612512.0,226.0,-7.85,-8.06,-2.34,32.32
"Merck & Co., Inc.",MRK,Healthcare,18.94,16.1,,18.94,16.1,,3.92,9.6,1.07,82.22,82.22,0.0,6.4,36.5,36.5,6.97,17.05,17.05,4.9,12.0,14049250304.0,262.0,60.15,26.38,93.87,26.17
General Motors Company,GM,Consumer Cyclical,4.03,3.43,,4.01,3.41,,-0.72,-12.64,1.99,89.24,89.24,0.0,0.34,27.74,27.74,1.09,3.63,3.61,-0.9,-15.8,22466625536.0,95.0,46.66,105.21,37.71,25.44
Accenture plc,ACN,Technology,24.41,20.75,,24.41,20.75,,4.48,7.2,0.25,85.47,85.47,0.0,1.0,10.96,10.96,2.64,21.97,21.97,5.6,9.0,12089380864.0,475.0,-54.3,-52.32,-51.59,37.83
"Principal Financial Group, Inc.",PFG,BFSI,13.39,11.38,,13.39,11.38,,-3.6,655.2,0.34,82.15,82.15,0.0,1.06,15.91,15.91,2.03,12.05,12.05,-4.5,819.0,1457624960.0,296.0,38.26,65.24,112.73,17.06
Mettler-Toledo International Inc.,MTD,Healthcare,30.86,26.23,,0.0,0.0,,5.76,5.36,0.0,103.76,103.76,0.0,2.74,30.77,30.77,-631.18,27.77,0.0,7.2,6.7,615044352.0,0.0,10.09,2.59,-7.83,26.17
"Everest Group, Ltd.",EG,BFSI,13.82,11.75,,13.82,11.75,,-3.76,184.56,0.23,101.96,101.96,0.0,0.97,7.56,7.56,0.97,12.44,12.44,-4.7,230.7,3993250048.0,215.0,11.16,17.57,64.62,17.06
"Expeditors International of Washington, Inc.",EXPD,Industrials,36.64,31.14,,36.64,31.14,,3.52,13.04,0.25,101.74,101.74,0.0,3.85,27.11,27.11,9.68,32.98,32.98,4.4,16.3,783248512.0,97.0,44.25,45.12,39.07,32.32
Zoetis Inc.,ZTS,Healthcare,67.75,57.59,,67.75,57.59,,2.32,4.8,2.86,103.2,103.2,0.0,1.79,12.26,12.26,9.54,60.97,60.97,2.9,6.0,1780875008.0,283.0,-52.37,-54.13,-59.45,26.17
"United Parcel Service, Inc.",UPS,Industrials,33.35,28.35,,33.35,28.35,,-1.28,-21.76,1.82,70.73,70.73,0.0,1.75,17.94,17.94,5.79,30.02,30.02,-1.6,-27.2,4625500160.0,593.0,9.73,-25.72,-34.35,32.32
Union Pacific Corporation,UNP,Industrials,40.69,34.58,,40.69,34.58,,2.56,4.96,1.62,90.9,90.9,0.0,3.45,23.25,23.25,8.63,36.62,36.62,3.2,6.2,4034374912.0,196.0,19.93,48.65,41.19,32.32
CRH plc,CRH,Basic Materials,15.81,13.44,,15.81,13.44,,7.28,9.6,0.83,89.44,89.44,0.0,2.15,19.95,19.95,3.11,14.23,14.23,9.1,12.0,786124992.0,145.0,13.98,105.65,146.06,29.1
Intuit Inc.,INTU,Technology,22.5,19.12,,22.5,19.12,,8.32,8.56,0.33,94.98,94.98,0.0,0.71,16.81,16.81,3.66,20.25,20.25,10.4,10.7,5232000000.0,174.0,-64.86,-38.83,-43.18,37.83
"The Travelers Companies, Inc.",TRV,BFSI,25.27,21.48,,25.27,21.48,,0.8,286.08,0.29,88.19,88.19,0.0,2.36,10.22,10.22,2.28,22.74,22.74,1.0,357.6,13304375296.0,146.0,32.17,114.53,150.09,17.06
Smurfit Westrock Plc,SW,Consumer Cyclical,4.52,3.84,,2.11,1.8,,0.56,-66.88,0.79,102.19,102.19,0.0,0.26,63.79,63.79,1.33,4.07,1.9,0.7,-83.6,1360249984.0,394.0,-1.94,53.36,-3.4,25.44
Pfizer Inc.,PFE,Healthcare,8.53,7.25,,8.31,7.06,,4.32,-8.08,0.72,69.44,69.44,0.0,2.84,18.56,18.56,1.54,7.68,7.48,5.4,-10.1,12376625152.0,707.0,-3.65,-19.23,-20.02,26.17
The Southern Company,SO,Utilities,10.99,9.34,,10.99,9.34,,6.4,-0.64,1.9,72.65,72.65,0.0,2.78,25.06,25.06,2.98,9.89,9.89,8.0,-0.8,-3950000128.0,310.0,6.9,55.83,91.19,22.42
Marathon Petroleum Corporation,MPC,Energy,27.46,23.34,,27.46,23.34,,7.04,9.6,1.47,78.76,78.76,0.0,1.32,17.55,17.55,4.66,24.71,24.71,8.8,12.0,3518749952.0,147.0,50.95,146.08,408.56,18.21
Regions Financial Corporation,RF,BFSI,11.89,10.11,,11.89,10.11,,5.84,17.28,0.0,86.5,86.5,0.0,1.91,12.56,12.56,1.48,10.71,10.71,7.3,21.6,0.0,350.0,23.24,97.47,88.09,17.06
The Mosaic Company,MOS,Basic Materials,3.0,2.55,,0.59,0.5,,11.52,9.6,0.48,94.39,94.39,0.0,2.02,150.93,150.93,0.57,2.7,0.53,14.4,12.0,-289787488.0,416.0,-43.94,-31.86,-21.37,29.1
Veralto Corporation,VLTO,Industrials,36.46,30.99,,36.46,30.99,,5.44,10.64,0.96,98.85,98.85,0.0,2.72,23.85,23.85,7.56,32.82,32.82,6.8,13.3,768249984.0,56.0,-9.9,0.0,0.0,32.32
"Corteva, Inc.",CTVA,Basic Materials,6.49,5.52,,5.14,4.37,,8.8,9.68,0.14,91.13,91.13,0.0,1.44,46.38,46.38,2.36,5.84,4.62,11.0,12.1,2576124928.0,84.0,12.04,55.37,104.96,29.1
"NetApp, Inc.",NTAP,Technology,106.73,90.72,,106.73,90.72,,10.0,18.72,2.02,106.39,106.39,0.0,1.7,24.28,24.28,22.37,96.06,96.06,12.5,23.4,1295250048.0,135.0,46.13,118.05,111.62,37.83
Labcorp Holdings Inc.,LH,Healthcare,11.05,9.39,,11.05,9.39,,4.64,26.32,0.83,101.36,101.36,0.0,1.21,25.44,25.44,2.71,9.94,9.94,5.8,32.9,1142537472.0,100.0,11.29,45.56,26.19,26.17
Fox Corporation,FOX,Communication Services,15.2,12.92,,15.2,12.92,,-6.88,-39.44,0.68,105.07,105.07,0.0,1.5,13.31,13.31,1.94,13.68,13.68,-8.6,-49.3,1406499968.0,111.0,0.38,64.17,56.13,25.32
Otis Worldwide Corporation,OTIS,Industrials,20.02,17.02,,0.0,0.0,,5.12,34.08,0.0,94.63,94.63,0.0,1.39,19.45,19.45,-4.97,18.02,0.0,6.4,42.6,1682125056.0,232.0,-26.7,-11.93,-3.7,32.32
"DoorDash, Inc.",DASH,Consumer Cyclical,9.92,8.43,,9.92,8.43,,26.48,-4.88,0.32,93.17,93.17,0.0,4.28,91.0,91.0,8.21,8.93,8.93,33.1,-6.1,2295624960.0,0.0,-22.23,151.03,5.06,25.44
"Old Dominion Freight Line, Inc.",ODFL,Industrials,23.33,19.83,,23.33,19.83,,-2.32,-3.36,0.01,90.74,90.74,0.0,3.21,45.44,45.44,10.3,21.0,21.0,-2.9,-4.2,861986240.0,53.0,32.46,19.57,75.33,32.32
"The PNC Financial Services Group, Inc.",PNC,BFSI,12.1,10.29,,12.1,10.29,,11.04,14.16,0.0,85.99,85.99,0.0,1.98,14.5,14.5,1.74,10.89,10.89,13.8,17.7,0.0,273.0,27.13,126.54,59.27,17.06
Aon plc,AON,BFSI,46.45,39.48,,46.45,39.48,,5.2,21.68,1.55,92.93,92.93,0.0,3.04,19.61,19.61,7.76,41.8,41.8,6.5,27.1,3341625088.0,92.0,1.2,9.42,55.82,17.06
Genuine Parts Company,GPC,Consumer Cyclical,6.81,5.79,,1.34,1.14,,5.44,-1.68,1.49,94.0,94.0,0.0,1.32,301.3,301.3,4.08,6.13,1.21,6.8,-2.1,755362496.0,321.0,5.61,-11.82,20.08,25.44
"DuPont de Nemours, Inc.",DD,Basic Materials,2.97,2.53,,0.9,0.76,,3.44,9.6,0.23,78.96,78.96,0.0,1.72,123.81,123.81,1.36,2.68,0.81,4.3,12.0,-124750000.0,172.0,52.73,69.58,59.2,29.1
Jabil Inc.,JBL,Technology,65.88,55.99,,65.88,55.99,,9.44,22.08,2.97,99.36,99.36,0.0,0.82,42.72,42.72,27.16,59.29,59.29,11.8,27.6,1211624960.0,9.0,51.41,228.57,507.62,37.83
Humana Inc.,HUM,Healthcare,6.28,5.34,,6.28,5.34,,18.8,-3.68,0.77,100.08,100.08,0.0,2.25,42.39,42.39,2.56,5.65,5.65,23.5,-4.6,1431374976.0,89.0,67.26,-7.33,-8.05,26.17
Fifth Third Bancorp,FITB,BFSI,7.97,6.77,,7.97,6.77,,26.4,-63.12,0.0,91.6,91.6,0.0,2.08,19.25,19.25,1.62,7.17,7.17,33.0,-78.9,0.0,280.0,32.71,146.15,84.69,17.06
American Tower Corporation,AMT,Real Estate,29.95,25.46,,29.95,25.46,,5.44,61.52,4.45,96.77,96.77,0.0,1.74,26.82,26.82,21.96,26.96,26.96,6.8,76.9,4614362624.0,420.0,-24.54,-3.74,-29.6,33.16
Hewlett Packard Enterprise Company,HPE,Technology,6.31,5.37,,6.31,5.37,,32.0,9.6,0.84,94.54,94.54,0.0,0.85,38.53,38.53,2.16,5.68,5.68,40.0,12.0,3836000000.0,138.0,97.18,172.33,230.93,37.83
"Universal Health Services, Inc.",UHS,Healthcare,21.37,18.16,,21.37,18.16,,7.68,14.16,0.67,106.25,106.25,0.0,1.1,6.61,6.61,1.28,19.23,19.23,9.6,17.7,650819008.0,51.0,-12.78,3.03,7.83,26.17
SBA Communications Corporation,SBAC,Real Estate,12.85,10.92,,0.0,0.0,,4.72,-11.76,0.0,101.53,101.53,0.0,7.67,19.45,19.45,-4.12,11.57,0.0,5.9,-14.7,-301849504.0,271.0,-20.99,-13.88,-38.79,33.16
Texas Instruments Incorporated,TXN,Technology,32.35,27.49,,32.35,27.49,,14.88,25.04,0.84,92.87,92.87,0.0,1.4,50.01,50.01,15.9,29.11,29.11,18.6,31.3,1068249984.0,194.0,37.33,82.88,76.69,37.83
The Clorox Company,CLX,Consumer Defensive,546.1,464.18,,546.1,464.18,,0.08,2.16,48.76,86.89,86.89,0.0,2.21,15.81,15.81,-175.56,491.49,491.49,0.1,2.7,62750000.0,510.0,-21.91,-30.78,-36.39,23.56
Omnicom Group Inc.,OMC,Communication Services,6.7,5.7,,2.02,1.71,,55.36,-5.52,1.11,113.34,113.34,0.0,15.97,6.44,6.44,2.37,6.03,1.81,69.2,-6.9,5066650112.0,407.0,6.47,-9.5,19.09,25.32
Willis Towers Watson Public Limited Company,WTW,BFSI,20.61,17.52,,20.61,17.52,,6.8,26.4,0.86,100.88,100.88,0.0,1.27,16.81,16.81,3.38,18.55,18.55,8.5,33.0,2052125056.0,134.0,-6.25,28.23,33.1,17.06
"Alnylam Pharmaceuticals, Inc.",ALNY,Healthcare,90.36,76.8,,90.36,76.8,,77.12,9.6,2.76,102.23,102.23,0.0,0.54,78.79,78.79,38.81,81.32,81.32,96.4,12.0,204714128.0,0.0,-3.5,59.13,79.37,26.17
Occidental Petroleum Corporation,OXY,Energy,4.05,3.45,,4.05,3.45,,-6.64,252.48,0.42,82.08,82.08,0.0,1.03,66.09,66.09,1.58,3.65,3.65,-8.3,315.6,3033374976.0,213.0,12.83,-10.23,71.6,18.21
Seagate Technology Holdings plc,STX,Technology,1787.97,1519.77,,1787.97,1519.77,,35.28,86.64,3.82,88.47,88.47,0.0,0.57,77.52,77.52,168.07,1609.17,1609.17,44.1,108.3,1610000000.0,36.0,452.71,1326.91,1011.81,37.83
"Cisco Systems, Inc.",CSCO,Technology,25.23,21.44,,25.23,21.44,,9.6,29.68,0.68,82.89,82.89,0.0,1.56,37.56,37.56,9.09,22.71,22.71,12.0,37.1,9288375296.0,149.0,63.48,140.69,,37.83
Flex Ltd.,FLEX,Technology,17.35,14.74,,17.35,14.74,,13.52,13.68,0.87,101.69,101.69,0.0,0.94,58.74,58.74,9.73,15.61,15.61,16.9,17.1,839875008.0,0.0,165.95,581.22,948.58,37.83
"Air Products and Chemicals, Inc.",APD,Basic Materials,12.35,10.5,,12.35,10.5,,7.04,9.6,1.02,95.24,95.24,0.0,2.33,33.11,33.11,4.47,11.12,11.12,8.8,12.0,-3519237376.0,230.0,8.71,17.24,24.28,29.1
Ingersoll Rand Inc.,IR,Industrials,7.68,6.53,,5.72,4.86,,6.08,5.2,0.48,107.52,107.52,0.0,0.77,54.45,54.45,3.1,6.91,5.14,7.6,6.5,1035425024.0,10.0,-7.2,26.97,67.93,32.32
Zebra Technologies Corporation,ZBRA,Technology,11.78,10.01,,11.78,10.01,,11.44,3.04,0.82,103.11,103.11,0.0,0.57,32.27,32.27,3.73,10.6,10.6,14.3,3.8,559000000.0,0.0,-15.75,-5.75,-50.92,37.83
"Palo Alto Networks, Inc.",PANW,Technology,4.83,4.11,,4.83,4.11,,24.88,9.6,0.08,83.86,83.86,0.0,5.68,302.66,302.66,10.23,4.35,4.35,31.1,12.0,3579375104.0,0.0,72.8,174.7,432.88,37.83
Edwards Lifesciences Corporation,EW,Healthcare,12.4,10.54,,10.46,8.89,,13.36,6.56,0.07,94.29,94.29,0.0,2.27,51.01,51.01,5.27,11.16,9.41,16.7,8.2,902137472.0,0.0,23.05,4.35,-11.36,26.17
Ball Corporation,BALL,Consumer Cyclical,16.79,14.27,,16.79,14.27,,13.04,17.52,1.46,90.34,90.34,0.0,1.35,18.48,18.48,3.01,15.11,15.11,16.3,21.9,403500000.0,126.0,8.53,16.25,-17.83,25.44
"Moderna, Inc.",MRNA,Healthcare,-19.64,-16.69,,-36.56,-31.07,,208.16,9.6,0.18,86.19,86.19,0.0,1.5,-19.28,-19.28,4.27,-17.68,-32.9,260.2,12.0,-20000000.0,0.0,166.76,-35.15,-65.82,26.17
"Copart, Inc.",CPRT,Industrials,17.61,14.97,,17.61,14.97,,1.68,1.84,0.01,96.21,96.21,0.0,3.61,18.64,18.64,3.17,15.85,15.85,2.1,2.3,999977152.0,0.0,-38.54,-33.1,-12.12,32.32
DTE Energy Company,DTE,Utilities,10.42,8.86,,10.42,8.86,,12.64,-35.52,2.19,82.11,82.11,0.0,2.14,25.3,25.3,2.6,9.38,9.38,15.8,-44.4,-2188124928.0,302.0,17.49,56.67,61.57,22.42
Visa Inc.,V,BFSI,60.35,51.3,,60.35,51.3,,13.68,28.4,0.67,91.65,91.65,0.0,1.59,31.54,31.54,19.43,54.31,54.31,17.1,35.5,20839749632.0,74.0,1.54,62.52,56.9,17.06
Archer-Daniels-Midland Company,ADM,Consumer Defensive,4.77,4.05,,4.77,4.05,,1.28,0.72,0.46,87.69,87.69,0.0,2.33,34.28,34.28,1.62,4.29,4.29,1.6,0.9,1578499968.0,271.0,40.85,14.7,48.72,23.56
"Elevance Health, Inc.",ELV,Healthcare,12.09,10.27,,12.09,10.27,,2.08,-13.44,0.72,93.56,93.56,0.0,1.53,17.7,17.7,2.07,10.88,10.88,2.6,-16.8,4298625024.0,165.0,20.47,0.42,16.55,26.17
"Dollar Tree, Inc.",DLTR,Consumer Defensive,33.98,28.88,,33.98,28.88,,5.76,7.6,2.17,105.88,105.88,0.0,1.55,19.91,19.91,6.84,30.58,30.58,7.2,9.5,1443624960.0,0.0,19.02,-14.84,25.18,23.56
Globe Life Inc.,GL,BFSI,20.46,17.39,,20.46,17.39,,4.32,10.08,0.54,87.21,87.21,0.0,1.3,12.48,12.48,2.31,18.41,18.41,5.4,12.6,1317225088.0,73.0,48.91,72.4,99.74,17.06
"Equinix, Inc.",EQIX,Real Estate,10.06,8.55,,10.06,8.55,,9.68,16.0,1.63,100.3,100.3,0.0,3.29,69.44,69.44,6.91,9.05,9.05,12.1,20.0,2725125120.0,197.0,28.94,38.79,34.97,33.16
"Chipotle Mexican Grill, Inc.",CMG,Consumer Cyclical,49.23,41.85,,49.23,41.85,,5.92,-14.32,2.18,93.12,93.12,0.0,1.9,32.47,32.47,18.92,44.31,44.31,7.4,-17.9,1087909760.0,0.0,-36.19,-15.8,12.97,25.44
eBay Inc.,EBAY,Consumer Cyclical,42.88,36.44,,42.88,36.44,,15.6,5.68,1.63,96.55,96.55,0.0,1.79,26.52,26.52,11.61,38.59,38.59,19.5,7.1,1200375040.0,108.0,51.28,169.86,81.55,25.44
"Coinbase Global, Inc.",COIN,BFSI,6.69,5.68,,6.69,5.68,,-24.64,9.6,0.59,69.98,69.98,0.0,1.59,61.06,61.06,3.23,6.02,6.02,-30.8,12.0,2407562752.0,0.0,-53.66,133.89,-29.71,17.06
Weyerhaeuser Company,WY,Real Estate,4.16,3.54,,4.16,3.54,,-1.6,77.28,0.58,93.26,93.26,0.0,1.86,42.48,42.48,1.82,3.74,3.74,-2.0,96.6,-45875000.0,353.0,-7.22,-21.5,-13.68,33.16
"Jack Henry & Associates, Inc.",JKHY,Technology,24.89,21.16,,24.89,21.16,,6.96,10.0,0.06,107.92,107.92,0.0,1.98,20.54,20.54,4.9,22.4,22.4,8.7,12.5,373407744.0,162.0,-18.64,-7.26,-5.37,37.83
KLA Corporation,KLAC,Technology,94.98,80.73,,94.98,80.73,,9.2,9.44,1.05,93.85,93.85,0.0,2.44,66.73,66.73,52.8,85.48,85.48,11.5,11.8,2890187008.0,39.0,158.1,409.26,696.14,37.83
"Live Nation Entertainment, Inc.",LYV,Communication Services,14.93,12.69,,14.93,12.69,,9.76,9.6,7.38,118.05,118.05,0.0,17.88,85.25,85.25,-308.92,13.43,13.43,12.2,12.0,2120347904.0,0.0,26.6,110.31,119.65,25.32
"CBRE Group, Inc.",CBRE,Real Estate,15.6,13.26,,15.6,13.26,,14.88,78.48,1.14,100.53,100.53,0.0,0.76,32.4,32.4,4.87,14.04,14.04,18.6,98.1,1094499968.0,0.0,-0.67,80.43,66.68,33.16
Honeywell International Inc.,HON,Industrials,24.26,20.62,,24.26,20.62,,1.92,-33.52,2.57,81.62,81.62,0.0,8.58,18.34,18.34,5.36,21.84,21.84,2.4,-41.9,2936875008.0,414.0,-2.84,28.86,24.42,32.32
"AutoZone, Inc.",AZO,Consumer Cyclical,17.08,14.52,,0.0,0.0,,6.72,6.16,0.0,95.1,95.1,0.0,1.43,21.74,21.74,-18.57,15.38,0.0,8.4,7.7,903784256.0,0.0,-16.66,29.6,104.85,25.44
IQVIA Holdings Inc.,IQV,Healthcare,22.49,19.12,,22.49,19.12,,6.72,12.0,2.55,105.05,105.05,0.0,0.83,25.72,25.72,5.55,20.24,20.24,8.4,15.0,2156750080.0,0.0,27.45,-5.56,-17.5,26.17
Vertex Pharmaceuticals Incorporated,VRTX,Healthcare,24.2,20.57,,24.2,20.57,,6.24,49.12,0.1,98.16,98.16,0.0,1.96,31.36,31.36,6.93,21.78,21.78,7.8,61.4,2783225088.0,0.0,14.94,50.53,163.95,26.17
Expand Energy Corporation,EXE,Energy,17.57,14.93,,17.57,14.93,,32.8,9.6,0.26,93.18,93.18,0.0,21.11,6.75,6.75,1.11,15.81,15.81,41.0,12.0,1687624960.0,352.0,-16.69,21.52,112.79,18.21
Truist Financial Corporation,TFC,BFSI,8.58,7.29,,8.58,7.29,,4.16,20.24,0.0,77.25,77.25,0.0,1.24,12.62,12.62,1.07,7.72,7.72,5.2,25.3,0.0,408.0,12.89,95.22,18.97,17.06
Abbott Laboratories,ABT,Healthcare,12.33,10.48,,12.33,10.48,,6.24,-15.76,0.65,83.0,83.0,0.0,1.42,26.72,26.72,3.19,11.1,11.1,7.8,-19.7,6341125120.0,264.0,-28.65,-5.85,-11.8,26.17
Emerson Electric Co.,EMR,Industrials,12.33,10.48,,12.33,10.48,,2.32,22.32,0.69,85.28,85.28,0.0,1.94,32.19,32.19,3.84,11.1,11.1,2.9,27.9,3272250112.0,160.0,0.47,64.4,60.64,32.32
"Alexandria Real Estate Equities, Inc.",ARE,Real Estate,1.5,1.28,,-4.14,-3.52,,-9.2,9.6,0.67,98.17,98.17,0.0,3.24,-59.75,-59.75,0.57,1.35,-3.73,-11.5,12.0,1408723072.0,548.0,-29.93,-44.58,-64.77,33.16
"Synopsys, Inc.",SNPS,Technology,3.82,3.25,,3.82,3.25,,33.52,-76.8,0.36,94.16,94.16,0.0,2.35,100.04,100.04,2.75,3.44,3.44,41.9,-96.0,3538958592.0,0.0,-18.52,2.34,56.53,37.83
"McCormick & Company, Incorporated",MKC,Consumer Defensive,24.73,21.02,,24.73,21.02,,13.36,-11.36,0.65,94.54,94.54,0.0,2.06,8.89,8.89,2.05,22.26,22.26,16.7,-14.2,714025024.0,359.0,-27.17,-37.34,-32.34,23.56
Intel Corporation,INTC,Technology,0.95,0.8,,-2.91,-2.47,,5.76,9.6,0.36,78.73,78.73,0.0,1.36,77.06,77.06,5.43,0.85,-2.62,7.2,12.0,-8301250048.0,0.0,447.05,265.81,134.47,37.83
Jacobs Solutions Inc.,J,Industrials,9.38,7.97,,9.38,7.97,,21.6,9.6,1.39,92.94,92.94,0.0,0.4,37.73,37.73,4.59,8.44,8.44,27.0,12.0,512446368.0,113.0,-3.38,36.64,22.46,32.32
"IDEXX Laboratories, Inc.",IDXX,Healthcare,72.91,61.98,,72.91,61.98,,11.44,13.76,0.71,96.24,96.24,0.0,3.57,40.98,40.98,28.4,65.62,65.62,14.3,17.2,786844480.0,0.0,2.24,13.53,-15.36,26.17
"First Solar, Inc.",FSLR,Technology,18.44,15.67,,18.44,15.67,,18.88,52.08,0.06,99.85,99.85,0.0,0.59,14.52,14.52,2.44,16.59,16.59,23.6,65.1,1147664768.0,0.0,26.83,21.9,146.27,37.83
Vulcan Materials Company,VMC,Basic Materials,13.46,11.44,,13.46,11.44,,5.92,23.76,0.61,98.35,98.35,0.0,2.63,35.97,35.97,4.64,12.11,12.11,7.4,29.7,244387504.0,69.0,13.55,40.38,84.49,29.1
Extra Space Storage Inc.,EXR,Real Estate,6.83,5.81,,6.83,5.81,,3.04,-8.48,0.98,102.95,102.95,0.0,6.45,33.56,33.56,2.37,6.15,6.15,3.8,-10.6,1340995200.0,434.0,0.23,15.05,6.73,33.16
General Dynamics Corporation,GD,Industrials,17.97,15.28,,17.97,15.28,,8.24,9.6,0.38,88.13,88.13,0.0,2.78,23.52,23.52,3.87,16.18,16.18,10.3,12.0,5289500160.0,170.0,26.77,89.04,121.96,32.32
ASML Holding N.V.,ASML,Technology,52.24,44.4,,52.24,44.4,,10.56,15.36,0.13,19.62,19.62,0.0,2.65,60.24,60.24,1601.9,47.01,47.01,13.2,19.2,8243274752.0,50.0,125.37,150.7,170.03,37.83
QUALCOMM Incorporated,QCOM,Technology,36.08,30.67,,36.08,30.67,,-2.8,138.4,0.56,84.84,84.84,0.0,0.56,18.93,18.93,6.84,32.47,32.47,-3.5,173.0,9589624832.0,209.0,11.49,60.04,39.06,37.83
KeyCorp,KEY,BFSI,9.98,8.48,,9.98,8.48,,9.44,26.64,0.0,89.2,89.2,0.0,1.76,14.12,14.12,1.43,8.98,8.98,11.8,33.3,0.0,356.0,25.86,188.62,46.31,17.06
Insulet Corporation,PODD,Healthcare,23.0,19.55,,23.0,19.55,,27.12,127.2,0.78,105.95,105.95,0.0,1.45,38.43,38.43,8.75,20.7,20.7,33.9,159.0,253375008.0,0.0,-45.3,-44.16,-42.64,26.17
"BlackRock, Inc.",BLK,BFSI,11.9,10.11,,11.9,10.11,,21.6,36.72,0.24,86.11,86.11,0.0,1.26,25.06,25.06,2.73,10.71,10.71,27.0,45.9,7082375168.0,230.0,-7.46,55.69,25.83,17.06
Newmont Corporation,NEM,Basic Materials,25.83,21.96,,25.83,21.96,,36.64,62.88,0.16,81.57,81.57,0.0,2.78,12.59,12.59,2.98,23.25,23.25,45.8,78.6,9804874752.0,107.0,61.3,151.74,75.59,29.1
LyondellBasell Industries N.V.,LYB,Basic Materials,2.62,2.22,,-6.01,-5.11,,-5.04,-23.6,1.41,98.24,98.24,0.0,1.53,7.76,7.76,1.72,2.35,-5.41,-6.3,-29.5,987000000.0,772.0,-12.14,-29.08,-25.58,29.1
International Business Machines Corporation,IBM,Technology,35.77,30.41,,35.77,30.41,,7.6,11.36,2.11,65.63,65.63,0.0,2.7,25.64,25.64,8.25,32.19,32.19,9.5,14.2,13080750080.0,233.0,-1.01,142.06,165.36,37.83
The Boeing Company,BA,Industrials,169.95,144.45,,169.95,144.45,,11.2,9.6,8.29,75.45,75.45,0.0,24.54,89.17,89.17,29.84,152.95,152.95,14.0,12.0,2554249984.0,0.0,3.6,7.48,-4.09,32.32
Tractor Supply Company,TSCO,Consumer Cyclical,45.5,38.68,,45.5,38.68,,2.88,-6.48,2.55,95.65,95.65,0.0,1.41,15.65,15.65,6.64,40.95,40.95,3.6,-8.1,350726016.0,302.0,-44.05,-22.47,-6.94,25.44
"Autodesk, Inc.",ADSK,Technology,50.4,42.84,,50.4,42.84,,14.72,185.12,0.85,97.63,97.63,0.0,0.8,30.29,30.29,13.73,45.36,45.36,18.4,231.4,3060999936.0,0.0,-34.2,0.57,-29.81,37.83
"Tyler Technologies, Inc.",TYL,Technology,8.93,7.59,,8.93,7.59,,6.88,1.76,0.01,104.03,104.03,0.0,1.53,43.88,43.88,3.79,8.04,8.04,8.6,2.2,544489280.0,0.0,-46.06,-22.2,-32.53,37.83
Linde plc,LIN,Basic Materials,18.23,15.49,,18.23,15.49,,6.56,10.72,0.66,89.57,89.57,0.0,2.31,36.23,36.23,6.56,16.41,16.41,8.2,13.4,4694499840.0,117.0,16.41,51.49,102.76,29.1
Danaher Corporation,DHR,Healthcare,7.08,6.02,,7.08,6.02,,2.96,7.84,0.37,95.32,95.32,0.0,1.27,38.28,38.28,2.65,6.37,6.37,3.7,9.8,4568500224.0,81.0,-0.85,-3.16,-17.92,26.17
"Franklin Resources, Inc.",BEN,BFSI,6.7,5.7,,6.7,5.7,,6.96,69.76,0.23,100.07,100.07,0.0,0.41,26.04,26.04,1.46,6.03,6.03,8.7,87.2,-242137504.0,387.0,38.94,51.93,38.29,17.06
"Comfort Systems USA, Inc.",FIX,Industrials,53.29,45.3,,53.29,45.3,,0.8,31.04,0.45,97.96,97.96,0.0,0.83,50.25,50.25,94.87,47.96,47.96,1.0,38.8,1099853568.0,15.0,221.58,993.28,2234.0,32.32
"O'Reilly Automotive, Inc.",ORLY,Consumer Cyclical,20.71,17.61,,0.0,0.0,,8.16,12.88,0.0,89.66,89.66,0.0,1.93,29.4,29.4,-70.4,18.64,0.0,10.2,16.1,1330813184.0,0.0,-2.61,44.47,133.33,25.44
Kenvue Inc.,KVUE,Consumer Defensive,15.7,13.35,,15.7,13.35,,3.6,37.52,0.83,94.99,94.99,0.0,1.64,23.61,23.61,3.59,14.13,14.13,4.5,46.9,1858000000.0,419.0,-5.12,-13.16,0.0,23.56
Hormel Foods Corporation,HRL,Consumer Defensive,6.87,5.84,,5.83,4.96,,-2.32,-4.08,0.04,94.37,94.37,0.0,1.75,29.41,29.41,1.73,6.19,5.25,-2.9,-5.1,471169760.0,468.0,-18.06,-28.6,-38.52,23.56
"Williams-Sonoma, Inc.",WSM,Consumer Cyclical,54.01,45.91,,54.01,45.91,,3.52,3.44,0.8,100.15,100.15,0.0,2.99,25.51,25.51,12.98,48.61,48.61,4.4,4.3,885462144.0,134.0,34.47,281.9,210.14,25.44
Arm Holdings plc,ARM,Technology,11.95,10.16,,11.95,10.16,,16.08,38.32,0.06,95.51,95.51,0.0,2.6,370.92,370.92,40.49,10.76,10.76,20.1,47.9,750499968.0,0.0,114.65,0.0,0.0,37.83
"The Goldman Sachs Group, Inc.",GS,BFSI,14.55,12.37,,14.55,12.37,,11.6,19.36,6.79,75.07,75.07,0.0,1.58,18.66,18.66,2.87,13.09,13.09,14.5,24.2,0.0,176.0,43.61,247.67,210.23,17.06
"American International Group, Inc.",AIG,BFSI,7.72,6.56,,7.72,6.56,,1.12,17.28,0.23,100.76,100.76,0.0,0.65,13.98,13.98,1.05,6.95,6.95,1.4,21.6,9517249536.0,252.0,-4.38,50.23,90.84,17.06
Verizon Communications Inc.,VZ,Communication Services,17.2,14.62,,17.2,14.62,,2.32,3.44,1.92,70.32,70.32,0.0,0.8,10.38,10.38,1.72,15.48,15.48,2.9,4.3,19608500224.0,665.0,-0.56,41.48,2.91,25.32
"AMETEK, Inc.",AME,Industrials,14.63,12.43,,14.63,12.43,,9.04,11.6,0.22,92.81,92.81,0.0,3.04,35.44,35.44,4.92,13.16,13.16,11.3,14.5,1385356544.0,58.0,28.65,50.65,82.24,32.32
"Salesforce, Inc.",CRM,Technology,16.91,14.37,,16.91,14.37,,10.64,41.76,1.24,97.18,97.18,0.0,0.79,19.23,19.23,3.97,15.22,15.22,13.3,52.2,16552999936.0,106.0,-38.43,-20.35,-32.47,37.83
"Applied Materials, Inc.",AMAT,Technology,39.69,33.74,,39.69,33.74,,9.12,26.8,0.3,85.41,85.41,0.0,1.52,56.84,56.84,20.03,35.72,35.72,11.4,33.5,3040375040.0,35.0,216.09,329.09,359.85,37.83
Camden Property Trust,CPT,Real Estate,9.06,7.71,,9.06,7.71,,-0.4,9.68,1.04,110.03,110.03,0.0,9.17,32.75,32.75,3.03,8.16,8.16,-0.5,12.1,688079616.0,362.0,3.43,23.03,1.97,33.16
Lockheed Martin Corporation,LMT,Industrials,67.64,57.49,,67.64,57.49,,0.24,-9.2,2.76,75.98,75.98,0.0,1.15,26.45,26.45,16.77,60.88,60.88,0.3,-11.5,3987124992.0,253.0,16.38,30.72,63.9,32.32
Hilton Worldwide Holdings Inc.,HLT,Consumer Cyclical,16.29,13.85,,0.0,0.0,,8.8,28.0,0.0,100.55,100.55,0.0,1.67,51.54,51.54,-13.07,14.66,0.0,11.0,35.0,1684499968.0,18.0,24.84,140.14,172.34,25.44
Global Payments Inc.,GPN,Industrials,3.55,3.02,,2.94,2.49,,50.48,9.6,0.96,104.01,104.01,0.0,0.22,28.91,28.91,0.9,3.2,2.64,63.1,12.0,7124387840.0,127.0,-1.81,-16.35,-57.19,32.32
"Lowe's Companies, Inc.",LOW,Consumer Cyclical,19.19,16.31,,0.0,0.0,,8.24,-0.56,0.0,81.19,81.19,0.0,1.49,19.23,19.23,-13.77,17.27,0.0,10.3,-0.7,4816124928.0,220.0,1.12,8.4,28.44,25.44
Edison International,EIX,Utilities,18.86,16.03,,18.86,16.03,,6.16,-50.56,2.26,94.62,94.62,0.0,3.57,8.22,8.22,1.69,16.98,16.98,7.7,-63.2,-1134000000.0,464.0,49.79,28.31,,22.42
NXP Semiconductors N.V.,NXPI,Technology,25.81,21.94,,25.81,21.94,,9.76,104.56,1.04,100.86,100.86,0.0,0.7,26.11,26.11,6.32,23.23,23.23,12.2,130.7,2727124992.0,148.0,20.96,45.99,48.27,37.83
"Intercontinental Exchange, Inc.",ICE,BFSI,13.85,11.78,,13.85,11.78,,16.32,63.76,0.71,96.9,96.9,0.0,2.06,19.33,19.33,2.55,12.47,12.47,20.4,79.7,3743124992.0,156.0,-27.36,23.61,20.33,17.06
"NextEra Energy, Inc.",NEE,Utilities,10.32,8.78,,10.32,8.78,,5.84,128.0,1.57,87.12,87.12,0.0,1.95,22.42,22.42,3.34,9.29,9.29,7.3,160.0,-18453374976.0,282.0,18.18,31.42,34.1,22.42
Deere & Company,DE,Industrials,18.35,15.6,,18.35,15.6,,-8.88,-6.8,3.76,82.74,82.74,0.0,1.45,35.22,35.22,6.12,16.51,16.51,-11.1,-8.5,1098749952.0,104.0,21.75,60.27,89.86,32.32
"Mid-America Apartment Communities, Inc.",MAA,Real Estate,6.71,5.7,,6.71,5.7,,0.64,-25.2,1.0,97.48,97.48,0.0,7.03,43.09,43.09,2.99,6.04,6.04,0.8,-31.5,909082496.0,430.0,-5.26,7.39,-1.95,33.16
Cintas Corporation,CTAS,Industrials,41.3,35.11,,41.3,35.11,,7.12,7.76,0.61,84.24,84.24,0.0,2.88,38.34,38.34,15.15,37.17,37.17,8.9,9.7,1508147456.0,99.0,-16.63,52.23,98.55,32.32
The Coca-Cola Company,KO,Consumer Defensive,43.37,36.87,,43.37,36.87,,9.68,14.56,1.25,78.12,78.12,0.0,4.3,26.46,26.46,10.77,39.03,39.03,12.1,18.2,3124250112.0,252.0,18.49,51.86,81.06,23.56
"Ulta Beauty, Inc.",ULTA,Consumer Cyclical,47.45,40.33,,47.45,40.33,,8.88,12.4,0.89,101.87,101.87,0.0,1.6,17.3,17.3,7.27,42.7,42.7,11.1,15.5,973080128.0,0.0,-3.08,-0.16,31.07,25.44
"PPG Industries, Inc.",PPG,Basic Materials,20.75,17.64,,20.75,17.64,,5.36,3.36,0.94,94.96,94.96,0.0,1.91,17.96,17.96,3.45,18.67,18.67,6.7,4.2,729000000.0,227.0,8.55,-6.33,-17.74,29.1
"Raymond James Financial, Inc.",RJF,BFSI,17.29,14.7,,17.29,14.7,,10.48,12.24,0.48,91.72,91.72,0.0,0.91,15.36,15.36,2.52,15.56,15.56,13.1,15.3,0.0,133.0,3.42,67.14,100.61,17.06
Dell Technologies Inc.,DELL,Technology,10.51,8.93,,0.0,0.0,,70.0,226.0,0.0,89.85,89.85,0.0,0.65,31.44,31.44,-182.3,9.46,0.0,87.5,282.5,5434124800.0,64.0,216.04,703.45,769.19,37.83
Snap-on Incorporated,SNA,Industrials,18.2,15.47,,18.2,15.47,,4.16,3.2,0.22,101.08,101.08,0.0,2.31,21.27,21.27,3.58,16.38,16.38,5.2,4.0,1048337472.0,237.0,29.93,57.51,111.06,32.32
Phillips 66,PSX,Energy,14.55,12.36,,14.55,12.36,,5.52,-45.44,0.91,81.1,81.1,0.0,1.02,17.42,17.42,2.48,13.09,13.09,6.9,-56.8,-1134499968.0,288.0,39.57,109.37,152.32,18.21
Nordson Corporation,NDSN,Industrials,17.14,14.57,,17.14,14.57,,6.8,4.88,0.62,82.55,82.55,0.0,1.79,31.06,31.06,5.05,15.43,15.43,8.5,6.1,574589504.0,113.0,32.72,24.43,41.07,32.32
"Steel Dynamics, Inc.",STLD,Basic Materials,15.25,12.96,,15.25,12.96,,15.28,74.48,0.46,93.64,93.64,0.0,11.95,23.6,23.6,3.47,13.72,13.72,19.1,93.1,-31788876.0,96.0,65.1,115.69,308.15,29.1
MGM Resorts International,MGM,Consumer Cyclical,13.49,11.46,,13.49,11.46,,3.36,-4.72,9.51,95.45,95.45,0.0,1.26,64.52,64.52,4.95,12.14,12.14,4.2,-5.9,528360256.0,0.0,27.19,11.19,14.24,25.44
"Rockwell Automation, Inc.",ROK,Industrials,27.18,23.11,,27.18,23.11,,9.52,31.68,1.13,91.09,91.09,0.0,2.05,49.03,49.03,14.9,24.46,24.46,11.9,39.6,974499968.0,117.0,39.17,54.4,80.63,32.32
Sysco Corporation,SYY,Consumer Defensive,81.89,69.61,,81.89,69.61,,3.76,-10.8,6.7,89.85,89.85,0.0,1.67,23.56,23.56,17.66,73.71,73.71,4.7,-13.5,1868375040.0,259.0,10.59,27.37,28.53,23.56
The Allstate Corporation,ALL,BFSI,45.22,38.44,,45.22,38.44,,2.4,270.72,0.24,85.97,85.97,0.0,3.0,5.54,5.54,2.18,40.7,40.7,3.0,338.4,12428999680.0,173.0,28.68,144.2,113.2,17.06
Waters Corporation,WAT,Healthcare,5.21,4.43,,5.21,4.43,,73.12,9.6,0.37,99.81,99.81,0.0,1.67,48.32,48.32,2.43,4.69,4.69,91.4,12.0,-502370624.0,0.0,9.39,47.33,5.63,26.17
Vertiv Holdings Co,VRT,Industrials,45.1,38.33,,45.1,38.33,,24.08,108.56,0.77,86.1,86.1,0.0,1.51,75.7,75.7,29.17,40.59,40.59,30.1,135.7,1964749952.0,8.0,138.02,1191.74,993.69,32.32
Illinois Tool Works Inc.,ITW,Industrials,96.85,82.32,,96.85,82.32,,3.68,9.44,2.83,86.84,86.84,0.0,2.7,25.33,25.33,24.3,87.16,87.16,4.6,11.8,2215749888.0,236.0,7.11,18.71,37.82,32.32
"Akamai Technologies, Inc.",AKAM,Technology,9.17,7.79,,9.17,7.79,,4.64,-10.72,1.2,113.4,113.4,0.0,1.34,38.1,38.1,3.36,8.25,8.25,5.8,-13.4,700723392.0,0.0,43.14,27.09,-3.43,37.83
"Citizens Financial Group, Inc.",CFG,BFSI,7.74,6.58,,7.74,6.58,,11.04,37.44,0.0,99.53,99.53,0.0,1.65,16.82,16.82,1.26,6.97,6.97,13.8,46.8,0.0,259.0,50.83,214.14,95.48,17.06
DaVita Inc.,DVA,Healthcare,80.98,68.83,,80.98,68.83,,4.8,34.8,12.61,99.73,99.73,0.0,0.73,22.63,22.63,-20.58,72.88,72.88,6.0,43.5,999662976.0,0.0,64.49,140.59,94.37,26.17
"Fortinet, Inc.",FTNT,Technology,132.39,112.53,,132.39,112.53,,16.08,22.88,0.57,89.91,89.91,0.0,3.53,60.56,60.56,115.91,119.15,119.15,20.1,28.6,1813049984.0,0.0,46.51,110.21,211.07,37.83
M&T Bank Corporation,MTB,BFSI,10.29,8.75,,10.29,8.75,,4.56,19.52,0.0,93.34,93.34,0.0,1.54,13.41,13.41,1.37,9.26,9.26,5.7,24.4,0.0,251.0,19.04,114.88,96.35,17.06
The J. M. Smucker Company,SJM,Consumer Defensive,7.6,6.46,,-2.39,-2.03,,4.64,9.6,1.29,96.55,96.55,0.0,2.17,10.85,10.85,2.24,6.84,-2.15,5.8,12.0,1005774976.0,378.0,12.32,-10.17,7.38,23.56
"CoStar Group, Inc.",CSGP,Real Estate,0.3,0.26,,0.3,0.26,,18.0,9.6,0.14,105.18,105.18,0.0,0.11,428.57,428.57,1.54,0.27,0.27,22.5,12.0,202200000.0,0.0,-63.24,-66.42,-64.11,33.16
Westinghouse Air Brake Technologies Corporation,WAB,Industrials,11.31,9.61,,11.31,9.61,,10.4,10.24,0.62,96.94,96.94,0.0,1.37,37.03,37.03,4.01,10.17,10.17,13.0,12.8,1123250048.0,47.0,23.04,151.26,235.77,32.32
The Charles Schwab Corporation,SCHW,BFSI,19.08,16.22,,19.08,16.22,,12.64,30.88,1.21,90.6,90.6,0.0,1.16,19.28,19.28,3.97,17.17,17.17,15.8,38.6,0.0,132.0,4.75,81.4,46.47,17.06
"Datadog, Inc.",DDOG,Technology,3.93,3.34,,3.93,3.34,,25.76,83.2,0.32,92.55,92.55,0.0,1.62,667.59,667.59,23.23,3.54,3.54,32.2,104.0,936726528.0,0.0,70.83,165.27,139.57,37.83
Iron Mountain Incorporated,IRM,Real Estate,6.84,5.81,,0.0,0.0,,17.28,688.0,0.0,88.72,88.72,0.0,2.7,125.98,125.98,-28.69,6.15,0.0,21.6,860.0,-499464512.0,295.0,16.79,133.07,235.61,33.16
"CoreWeave, Inc.",CRWV,Technology,-0.32,-0.28,,-40.67,-34.57,,89.28,9.6,7.39,75.72,75.72,0.0,1.5,-81.01,-81.01,9.14,-0.29,-36.61,111.6,12.0,-8560327168.0,0.0,-48.81,0.0,0.0,37.83
MSCI Inc.,MSCI,BFSI,30.82,26.2,,0.0,0.0,,11.28,39.28,0.0,97.33,97.33,0.0,1.94,34.48,34.48,-15.85,27.74,0.0,14.1,49.1,1206103936.0,136.0,2.57,35.08,15.89,17.06
Fox Corporation,FOXA,Communication Services,15.2,12.92,,15.2,12.92,,-6.88,-39.44,0.68,125.87,125.87,0.0,24.88,14.86,14.86,2.17,13.68,13.68,-8.6,-49.3,1406499968.0,99.0,2.97,70.87,64.01,25.32
Amphenol Corporation,APH,Technology,36.83,31.3,,36.83,31.3,,46.72,19.28,1.33,98.19,98.19,0.0,1.41,47.43,47.43,14.48,33.14,33.14,58.4,24.1,3563725056.0,61.0,67.01,308.69,396.88,37.83
Amcor plc,AMCR,Consumer Cyclical,8.74,7.43,,8.74,7.43,,61.92,-9.36,1.44,78.02,78.02,0.0,0.63,36.0,36.0,1.78,7.86,7.86,77.4,-11.7,149500000.0,578.0,-7.02,4.74,-2.48,25.44
Quest Diagnostics Incorporated,DGX,Healthcare,14.54,12.36,,14.54,12.36,,7.36,12.4,0.83,98.47,98.47,0.0,1.66,23.81,23.81,3.25,13.09,13.09,9.2,15.5,947875008.0,159.0,24.0,61.38,77.41,26.17
"PayPal Holdings, Inc.",PYPL,BFSI,25.12,21.35,,25.12,21.35,,5.76,-4.96,0.58,80.65,80.65,0.0,0.82,8.53,8.53,2.03,22.61,22.61,7.2,-6.2,4083500032.0,123.0,-40.31,-30.54,-84.33,17.06
"American Electric Power Company, Inc.",AEP,Utilities,12.58,10.7,,12.58,10.7,,8.16,5.36,1.57,82.27,82.27,0.0,2.36,20.49,20.49,2.37,11.33,11.33,10.2,6.7,-6953449984.0,274.0,32.97,89.61,94.65,22.42
"FedEx Freight Holding Company, Inc.",FDXF,Industrials,0.0,0.0,,0.0,0.0,,-3.76,9.6,0.0,5.19,5.19,0.0,1.5,33.15,33.15,0.0,0.0,0.0,-4.7,12.0,0.0,0.0,-0.13,0.0,0.0,32.32
Carnival Corporation Ltd.,CCL,Consumer Cyclical,26.69,22.69,,26.69,22.69,,4.24,-5.2,2.02,65.98,65.98,0.0,1.12,12.57,12.57,2.95,24.02,24.02,5.3,-6.5,1899374976.0,107.0,-4.78,63.16,12.75,25.44
McDonald's Corporation,MCD,Consumer Cyclical,20.34,17.29,,0.0,0.0,,7.52,5.52,0.0,77.34,77.34,0.0,2.57,23.15,23.15,-155.04,18.31,0.0,9.4,6.9,5952249856.0,265.0,-4.39,3.24,35.25,25.44
Alliant Energy Corporation,LNT,Utilities,11.31,9.62,,11.31,9.62,,4.0,3.92,1.6,94.15,94.15,0.0,2.7,24.54,24.54,2.72,10.18,10.18,5.0,4.9,-1202625024.0,267.0,25.96,66.75,62.76,22.42
Target Corporation,TGT,Consumer Defensive,22.02,18.71,,22.02,18.71,,5.36,-19.76,1.18,87.83,87.83,0.0,2.42,17.2,17.2,3.61,19.81,19.81,6.7,-24.7,3141250048.0,356.0,28.16,9.81,-38.27,23.56
RTX Corporation,RTX,Industrials,11.57,9.84,,11.57,9.84,,6.96,26.0,0.57,81.55,81.55,0.0,2.73,37.31,37.31,4.05,10.41,10.41,8.7,32.5,7233375232.0,147.0,36.55,121.45,159.39,32.32
Dow Inc.,DOW,Basic Materials,-0.2,-0.17,,-15.26,-12.97,,-4.88,9.6,1.17,74.08,74.08,0.0,38.89,13.53,13.53,1.31,-0.18,-13.74,-6.1,12.0,-675875008.0,505.0,0.84,-37.73,-41.22,29.1
Molson Coors Beverage Company,TAP,Consumer Defensive,6.74,5.73,,-18.08,-15.37,,1.6,28.48,0.63,112.75,112.75,0.0,3.92,7.97,7.97,0.74,6.06,-16.27,2.0,35.6,774062528.0,483.0,-18.82,-32.84,-10.17,23.56
Ciena Corporation,CIEN,Technology,15.46,13.14,,15.46,13.14,,31.6,1906.64,0.55,98.29,98.29,0.0,0.73,140.82,140.82,20.68,13.92,13.92,39.5,2383.3,700927872.0,0.0,427.22,914.07,631.79,37.83
"L3Harris Technologies, Inc.",LHX,Industrials,0.0,0.0,,0.0,0.0,,152.0,-4.88,0.35,89.81,89.81,0.0,1.73,32.8,32.8,2.94,0.0,0.0,190.0,-6.1,0.0,166.0,17.8,67.16,51.98,32.32
"T. Rowe Price Group, Inc.",TROW,BFSI,18.69,15.89,,18.69,15.89,,4.24,2.96,0.04,91.66,91.66,0.0,4.93,12.72,12.72,2.36,16.82,16.82,5.3,3.7,1880349952.0,439.0,19.87,24.09,-27.54,17.06
"Robinhood Markets, Inc.",HOOD,BFSI,21.46,18.24,,21.46,18.24,,12.08,2.16,1.4,74.12,74.12,0.0,3.05,54.72,54.72,10.9,19.31,19.31,15.1,2.7,0.0,0.0,20.62,1007.37,223.75,17.06
"Waste Management, Inc.",WM,Industrials,29.94,25.45,,29.94,25.45,,2.8,10.64,2.28,86.29,86.29,0.0,2.35,33.34,33.34,9.25,26.94,26.94,3.5,13.3,2136749952.0,154.0,1.53,44.04,74.5,32.32
International Paper Company,IP,Consumer Cyclical,2.68,2.28,,-16.04,-13.63,,10.72,9.6,0.66,99.55,99.55,0.0,1.58,14.52,14.52,1.39,2.41,-14.43,13.4,12.0,1711250048.0,477.0,-22.22,41.47,-15.28,25.44
PTC Inc.,PTC,Technology,34.4,29.24,,34.4,29.24,,17.36,215.12,0.36,104.71,104.71,0.0,1.02,11.96,11.96,3.73,30.96,30.96,21.7,268.9,986047232.0,0.0,-28.76,-11.44,-14.45,37.83
"Gartner, Inc.",IT,Technology,94.88,80.65,,94.88,80.65,,-1.2,13.84,52.93,122.06,122.06,0.0,0.55,13.48,13.48,145.95,85.39,85.39,-1.5,17.3,1064192896.0,0.0,-65.9,-59.74,-46.41,37.83
Sandisk Corporation,SNDK,Technology,39.3,33.4,,39.3,33.4,,200.8,9.6,0.02,81.97,81.97,0.0,1.5,59.52,59.52,18.75,35.37,35.37,251.0,12.0,2259500032.0,0.0,3758.91,0.0,0.0,37.83
Incyte Corporation,INCY,Healthcare,30.82,26.2,,30.82,26.2,,16.72,67.04,0.01,108.45,108.45,0.0,12.0,16.51,16.51,4.16,27.74,27.74,20.9,83.8,558867008.0,0.0,73.72,91.73,40.22,26.17
Masco Corporation,MAS,Industrials,8457.14,7188.57,,8457.14,7188.57,,5.2,16.0,122.3,106.09,106.09,0.0,2.09,20.49,20.49,-68.97,7611.43,7611.43,6.5,20.0,738499968.0,155.0,26.75,53.68,56.75,32.32
"Netflix, Inc.",NFLX,Communication Services,48.49,41.22,,48.49,41.22,,12.96,69.12,0.54,85.59,85.59,0.0,1.53,25.05,25.05,10.51,43.65,43.65,16.2,86.4,25993676800.0,0.0,-39.79,80.65,43.36,25.32
"Axon Enterprise, Inc.",AXON,Industrials,6.77,5.75,,6.77,5.75,,26.96,71.84,0.52,92.75,92.75,0.0,1.64,237.86,237.86,13.61,6.09,6.09,33.7,89.8,62617500.0,0.0,-25.57,206.82,237.88,32.32
Boston Scientific Corporation,BSX,Healthcare,14.66,12.46,,14.66,12.46,,9.28,80.0,0.42,95.14,95.14,0.0,0.55,18.89,18.89,2.59,13.19,13.19,11.6,100.0,2807124992.0,0.0,-56.53,-15.55,3.48,26.17
"Interactive Brokers Group, Inc.",IBKR,BFSI,23.56,20.03,,23.56,20.03,,13.44,18.32,1.52,92.56,92.56,0.0,2.47,39.2,39.2,7.28,21.2,21.2,16.8,22.9,0.0,38.0,58.07,362.59,481.34,17.06
Xylem Inc.,XYL,Industrials,8.72,7.42,,8.72,7.42,,2.16,11.6,0.18,98.14,98.14,0.0,1.68,29.38,29.38,2.51,7.85,7.85,2.7,14.5,959124992.0,146.0,-9.83,10.85,4.15,32.32
News Corporation,NWSA,Communication Services,6.52,5.55,,6.52,5.55,,7.04,-8.32,0.32,111.36,111.36,0.0,3.07,33.72,33.72,1.71,5.87,5.87,8.8,-10.4,1744000000.0,75.0,-9.3,39.67,9.12,25.32
Duke Energy Corporation,DUK,Utilities,9.66,8.21,,9.66,8.21,,9.04,9.6,1.61,70.87,70.87,0.0,2.74,19.91,19.91,1.89,8.69,8.69,11.3,12.0,-2246500096.0,329.0,10.5,63.24,57.48,22.42
Thermo Fisher Scientific Inc.,TMO,Healthcare,13.52,11.49,,13.52,11.49,,4.96,9.04,0.83,94.18,94.18,0.0,1.73,28.73,28.73,3.75,12.17,12.17,6.2,11.3,5520625152.0,36.0,25.02,3.59,2.66,26.17
Howmet Aerospace Inc.,HWM,Industrials,33.82,28.75,,33.82,28.75,,15.28,57.12,0.88,95.3,95.3,0.0,0.8,62.89,62.89,19.64,30.44,30.44,19.1,71.4,1192749952.0,18.0,50.02,466.91,718.82,32.32
Carrier Global Corporation,CARR,Industrials,9.91,8.42,,9.91,8.42,,1.92,-32.56,0.91,93.99,93.99,0.0,1.69,46.71,46.71,4.33,8.92,8.92,2.4,-40.7,849750016.0,137.0,-6.12,47.46,55.58,32.32
PG&E Corporation,PCG,Utilities,8.83,7.5,,8.83,7.5,,12.0,31.84,1.88,99.29,99.29,0.0,0.74,13.22,13.22,1.19,7.94,7.94,15.0,39.8,-5572125184.0,117.0,25.0,2.59,65.21,22.42
"Becton, Dickinson and Company",BDX,Healthcare,6.67,5.67,,6.67,5.67,,4.16,9.6,0.72,99.41,99.41,0.0,1.11,27.64,27.64,1.8,6.0,6.0,5.2,12.0,4531250176.0,266.0,16.26,-17.64,-9.82,26.17
"Intuitive Surgical, Inc.",ISRG,Healthcare,17.23,14.65,,17.23,14.65,,18.4,15.04,0.0,89.75,89.75,0.0,2.23,51.83,51.83,8.64,15.51,15.51,23.0,18.8,2254087424.0,0.0,-20.33,27.94,34.81,26.17
The Sherwin-Williams Company,SHW,Basic Materials,60.72,51.61,,60.72,51.61,,5.44,6.0,3.3,89.16,89.16,0.0,2.72,33.89,33.89,19.51,54.65,54.65,6.8,7.5,2140024960.0,91.0,1.79,41.38,34.79,29.1
"Analog Devices, Inc.",ADI,Technology,9.64,8.19,,9.64,8.19,,29.76,88.4,0.26,93.56,93.56,0.0,0.69,56.21,56.21,5.44,8.68,8.68,37.2,110.5,3868954624.0,117.0,55.97,108.48,143.88,37.83
"Ventas, Inc.",VTR,Real Estate,3.32,2.82,,2.14,1.82,,17.52,8.0,0.94,107.38,107.38,0.0,1.72,168.22,168.22,3.43,2.99,1.93,21.9,10.0,1483115264.0,216.0,46.83,120.18,89.41,33.16
AT&T Inc.,T,Communication Services,18.37,15.61,,18.37,15.61,,2.32,-9.04,1.25,69.32,69.32,0.0,1.44,6.93,6.93,1.31,16.53,16.53,2.9,-11.3,8849000448.0,539.0,-27.56,53.44,28.33,25.32
Gen Digital Inc.,GEN,Technology,39.88,33.9,,39.88,33.9,,21.6,212.16,3.16,100.37,100.37,0.0,1.53,16.99,16.99,6.11,35.89,35.89,27.0,265.2,1422249984.0,187.0,-11.4,55.09,6.76,37.83
Packaging Corporation of America,PKG,Consumer Cyclical,16.31,13.87,,16.31,13.87,,8.48,-12.4,0.95,101.54,101.54,0.0,1.81,28.91,28.91,4.6,14.68,14.68,10.6,-15.5,391424992.0,252.0,18.35,99.08,103.39,25.44
"The TJX Companies, Inc.",TJX,Consumer Cyclical,61.25,52.06,,61.25,52.06,,7.36,23.44,1.36,94.11,94.11,0.0,3.3,30.01,30.01,16.39,55.13,55.13,9.2,29.3,4314250240.0,124.0,23.24,94.17,143.52,25.44
Palantir Technologies Inc.,PLTR,Technology,32.59,27.7,,32.59,27.7,,67.76,260.0,0.02,65.73,65.73,0.0,1.86,145.28,145.28,36.68,29.33,29.33,84.7,325.0,1752997120.0,0.0,-7.06,746.2,423.91,37.83
The Progressive Corporation,PGR,BFSI,37.9,32.22,,37.9,32.22,,6.96,7.84,0.26,90.76,90.76,0.0,35.42,11.81,11.81,4.23,34.11,34.11,8.7,9.8,15501625344.0,599.0,-8.41,93.06,165.24,17.06
"Dominion Energy, Inc.",D,Utilities,9.79,8.32,,9.79,8.32,,18.48,-8.16,1.55,82.8,82.8,0.0,3.04,20.58,20.58,2.18,8.81,8.81,23.1,-10.2,-9948250112.0,383.0,23.58,56.06,15.63,22.42
"The Williams Companies, Inc.",WMB,Energy,19.66,16.71,,19.66,16.71,,7.2,20.0,2.0,89.63,89.63,0.0,2.3,32.08,32.08,7.0,17.69,17.69,9.0,25.0,-190250000.0,287.0,25.07,157.07,248.15,18.21
"Broadridge Financial Solutions, Inc.",BR,Technology,42.31,35.97,,42.31,35.97,,6.24,12.08,1.21,100.21,100.21,0.0,0.99,15.38,15.38,5.91,38.08,38.08,7.8,15.1,1187662464.0,271.0,-40.16,-6.22,-4.53,37.83
Aflac Incorporated,AFL,BFSI,16.47,14.0,,16.47,14.0,,22.32,3088.0,0.48,70.49,70.49,0.0,1.18,13.81,13.81,2.06,14.82,14.82,27.9,3860.0,4923125248.0,202.0,17.5,88.53,154.28,17.06
Morgan Stanley,MS,BFSI,16.39,13.93,,16.39,13.93,,13.04,25.52,5.02,86.97,86.97,0.0,2.57,19.38,19.38,3.23,14.75,14.75,16.3,31.9,0.0,187.0,48.83,180.26,178.59,17.06
GoDaddy Inc.,GDDY,Technology,398.21,338.48,,398.21,338.48,,4.88,4.8,16.22,105.59,105.59,0.0,0.68,14.03,14.03,49.47,358.39,358.39,6.1,6.0,1347612544.0,0.0,-50.44,20.03,-0.15,37.83
Huntington Bancshares Incorporated,HBAN,BFSI,8.39,7.13,,8.39,7.13,,26.88,-21.2,0.0,90.24,90.24,0.0,2.08,13.74,13.74,1.22,7.55,7.55,33.6,-26.5,0.0,347.0,1.82,92.36,59.48,17.06
GE HealthCare Technologies Inc.,GEHC,Healthcare,19.46,16.54,,19.46,16.54,,5.92,-24.72,0.97,94.26,94.26,0.0,1.85,15.72,15.72,2.8,17.52,17.52,7.4,-30.9,1483624960.0,21.0,-12.12,-14.63,0.0,26.17
"Wynn Resorts, Limited",WYNN,Consumer Cyclical,8.4,7.14,,0.0,0.0,,7.36,40.72,0.0,100.61,100.61,0.0,1.61,27.48,27.48,-35.68,7.56,0.0,9.2,50.9,356894624.0,104.0,-11.74,-5.11,-15.18,25.44
CDW Corporation,CDW,Technology,44.16,37.53,,44.16,37.53,,7.36,6.16,2.41,104.11,104.11,0.0,1.33,16.23,16.23,6.68,39.74,39.74,9.2,7.7,884099968.0,189.0,-24.8,-21.55,-19.05,37.83
"PepsiCo, Inc.",PEP,Consumer Defensive,43.88,37.3,,43.88,37.3,,6.8,22.24,2.45,80.95,80.95,0.0,1.55,22.64,22.64,9.23,39.49,39.49,8.5,27.8,8746250240.0,410.0,7.27,-12.83,13.3,23.56
BNY,BNY,BFSI,13.47,11.45,,13.47,11.45,,10.72,33.44,0.0,87.81,87.81,0.0,1.63,18.19,18.19,2.55,12.12,12.12,13.4,41.8,0.0,145.0,57.23,264.0,240.29,17.06
"Martin Marietta Materials, Inc.",MLM,Basic Materials,9.47,8.05,,9.47,8.05,,13.76,976.64,0.5,102.1,102.1,0.0,2.92,37.6,37.6,3.19,8.52,8.52,17.2,1220.8,841750016.0,55.0,7.75,34.17,77.08,29.1
The Walt Disney Company,DIS,Communication Services,11.01,9.36,,11.01,9.36,,5.2,-23.84,0.41,78.1,78.1,0.0,2.31,15.92,15.92,1.6,9.91,9.91,6.5,-29.8,3751375104.0,151.0,-19.21,15.53,-40.92,25.32
Synchrony Financial,SYF,BFSI,21.78,18.51,,21.78,18.51,,4.88,16.08,0.0,108.07,108.07,0.0,0.98,7.9,7.9,1.69,19.6,19.6,6.1,20.1,0.0,157.0,9.51,140.39,78.25,17.06
"The Hartford Insurance Group, Inc.",HIG,BFSI,22.74,19.32,,22.74,19.32,,4.88,33.12,0.23,96.42,96.42,0.0,0.12,9.7,9.7,2.04,20.46,20.46,6.1,41.4,5603250176.0,174.0,11.61,106.37,147.74,17.06
"AvalonBay Communities, Inc.",AVB,Real Estate,9.72,8.26,,9.72,8.26,,2.0,32.24,0.81,97.09,97.09,0.0,7.17,24.03,24.03,2.34,8.75,8.75,2.5,40.3,1392035584.0,367.0,-4.2,16.64,7.94,33.16
"Assurant, Inc.",AIZ,BFSI,18.02,15.31,,18.02,15.31,,9.04,72.96,0.38,98.38,98.38,0.0,2.16,14.32,14.32,2.37,16.21,16.21,11.3,91.2,2029737472.0,126.0,45.91,136.14,93.97,17.06
McKesson Corporation,MCK,Healthcare,7.49,6.36,,0.0,0.0,,4.8,29.76,0.0,96.01,96.01,0.0,1.54,20.49,20.49,-43.44,6.74,0.0,6.0,37.2,5657625088.0,42.0,6.93,91.77,326.2,26.17
Dollar General Corporation,DG,Consumer Defensive,18.91,16.07,,18.91,16.07,,2.72,9.92,1.79,102.36,102.36,0.0,1.7,16.71,16.71,2.95,17.02,17.02,3.4,12.4,1882562304.0,200.0,1.61,-24.66,,23.56
Lumentum Holdings Inc.,LITE,Technology,22.83,19.41,,22.83,19.41,,72.08,9.6,1.11,106.51,106.51,0.0,0.63,128.23,128.23,17.56,20.55,20.55,90.1,12.0,93350000.0,0.0,699.65,1193.41,769.95,37.83
"Church & Dwight Co., Inc.",CHD,Consumer Defensive,16.78,14.26,,16.78,14.26,,0.16,1.76,0.57,94.44,94.44,0.0,3.08,32.43,32.43,5.58,15.1,15.1,0.2,2.2,1128824960.0,125.0,0.02,3.78,22.38,23.56
"Charter Communications, Inc.",CHTR,Communication Services,27.5,23.38,,27.5,23.38,,-0.8,7.12,4.6,119.33,119.33,0.0,0.26,3.71,3.71,1.03,24.75,24.75,-1.0,8.9,2403624960.0,0.0,-66.4,-61.82,-81.19,25.32
Realty Income Corporation,O,Real Estate,3.47,2.95,,2.83,2.41,,9.6,14.32,0.73,80.45,80.45,0.0,5.68,52.33,52.33,1.52,3.12,2.55,12.0,17.9,1797902592.0,509.0,10.97,25.96,24.74,33.16
"Marriott International, Inc.",MAR,Consumer Cyclical,14.65,12.45,,0.0,0.0,,10.08,1.36,0.0,82.11,82.11,0.0,2.22,39.05,39.05,-24.13,13.18,0.0,12.6,1.7,1796875008.0,78.0,33.96,116.01,177.05,25.44
SLB N.V.,SLB,Energy,14.07,11.96,,14.07,11.96,,2.16,-11.04,0.43,92.94,92.94,0.0,1.55,19.88,19.88,2.58,12.66,12.66,2.7,-13.8,3043124992.0,261.0,29.13,0.23,61.57,18.21
Bunge Global SA,BG,Consumer Defensive,4.93,4.19,,4.93,4.19,,70.24,-61.12,0.93,97.76,97.76,0.0,1.37,28.02,28.02,1.29,4.44,4.44,87.8,-76.4,-6827500032.0,271.0,42.23,26.48,56.82,23.56
Fair Isaac Corporation,FICO,Technology,55.38,47.07,,0.0,0.0,,30.96,55.2,0.0,98.43,98.43,0.0,0.85,40.32,40.32,-14.09,49.84,0.0,38.7,69.0,730540992.0,0.0,-32.04,61.31,145.95,37.83
PDD Holdings Inc.,PDD,Consumer Cyclical,25.4,21.59,,25.4,21.59,,8.8,-11.92,0.01,32.4,32.4,0.0,0.76,8.68,8.68,1.86,22.86,22.86,11.0,-14.9,71642849280.0,0.0,-21.72,17.35,-27.15,25.44
"Casey's General Stores, Inc.",CASY,Consumer Cyclical,19.15,16.28,,19.15,16.28,,11.6,52.8,0.74,89.6,89.6,0.0,3.44,41.66,41.66,7.45,17.24,17.24,14.5,66.0,550939648.0,30.0,51.55,243.76,324.53,25.44
"Leidos Holdings, Inc.",LDOS,Technology,30.58,25.99,,30.58,25.99,,2.96,-6.08,1.37,82.73,82.73,0.0,2.46,9.96,9.96,2.73,27.52,27.52,3.7,-7.6,1194749952.0,158.0,-33.82,29.94,14.49,37.83
STERIS plc,STE,Healthcare,11.37,9.66,,11.37,9.66,,5.84,41.76,0.29,101.03,101.03,0.0,1.76,27.55,27.55,2.97,10.23,10.23,7.3,52.2,837287488.0,115.0,-6.48,3.4,8.33,26.17
Ferrovial N.V.,FER,Industrials,14.32,12.17,,14.32,12.17,,4.56,-70.08,1.4,80.4,80.4,0.0,5.24,49.43,49.43,7.26,12.89,12.89,5.7,-87.6,321375008.0,245.0,28.94,138.41,152.71,32.32
Ameren Corporation,AEE,Utilities,11.75,9.98,,11.75,9.98,,2.96,15.68,1.56,86.67,86.67,0.0,2.67,20.69,20.69,2.35,10.57,10.57,3.7,19.6,-1869374976.0,261.0,19.9,56.07,63.61,22.42
"Simon Property Group, Inc.",SPG,Real Estate,113.59,96.55,,113.59,96.55,,15.44,13.12,4.57,96.78,96.78,0.0,4.58,15.72,15.72,15.21,102.23,102.23,19.3,16.4,2494690560.0,389.0,36.97,133.55,131.14,33.16
"Darden Restaurants, Inc.",DRI,Consumer Cyclical,53.72,45.66,,53.72,45.66,,10.96,28.8,3.62,99.5,99.5,0.0,1.82,19.57,19.57,10.58,48.35,48.35,13.7,36.0,1075412480.0,300.0,-5.42,39.0,61.67,25.44
Microchip Technology Incorporated,MCHP,Technology,3.4,2.89,,3.4,2.89,,28.08,9.6,0.88,102.5,102.5,0.0,0.31,384.73,384.73,7.13,3.06,3.06,35.1,12.0,1139912448.0,215.0,18.41,6.21,28.82,37.83
Deckers Outdoor Corporation,DECK,Consumer Cyclical,40.86,34.73,,40.86,34.73,,7.68,-3.84,0.15,101.05,101.05,0.0,1.3,14.91,14.91,5.86,36.77,36.77,9.6,-4.8,858725120.0,0.0,-1.0,20.77,62.16,25.44
"UDR, Inc.",UDR,Real Estate,12.35,10.5,,12.35,10.5,,3.36,121.28,1.42,112.62,112.62,0.0,8.17,27.95,27.95,4.13,11.12,11.12,4.2,151.6,1007130496.0,421.0,0.42,11.12,-0.7,33.16
Western Digital Corporation,WDC,Technology,85.92,73.03,,85.92,73.03,,36.4,386.32,0.18,101.82,101.82,0.0,0.48,32.26,32.26,25.77,77.33,77.33,45.5,482.9,2075000064.0,11.0,726.43,1792.63,935.95,37.83
Stryker Corporation,SYK,Healthcare,15.2,12.92,,15.2,12.92,,2.08,11.36,0.66,87.68,87.68,0.0,1.56,37.75,37.75,5.45,13.68,13.68,2.6,14.2,4359875072.0,108.0,-16.81,12.25,29.86,26.17
"Arista Networks, Inc.",ANET,Technology,31.52,26.79,,31.52,26.79,,28.08,20.0,0.0,90.04,90.04,0.0,2.04,54.98,54.98,14.94,28.37,28.37,35.1,25.0,4362237440.0,0.0,57.67,310.6,582.75,37.83
AbbVie Inc.,ABBV,Healthcare,15.05,12.79,,0.0,0.0,,9.92,-36.96,0.0,76.89,76.89,0.0,0.43,127.98,127.98,-69.3,13.54,0.0,12.4,-46.2,20811624448.0,265.0,39.14,119.39,172.11,26.17
Amgen Inc.,AMGN,Healthcare,101.32,86.12,,101.32,86.12,,4.64,3.52,6.24,85.41,85.41,0.0,2.05,26.04,26.04,21.97,91.19,91.19,5.8,4.4,7436624896.0,269.0,27.72,85.38,79.75,26.17
"MetLife, Inc.",MET,BFSI,13.01,11.06,,13.01,11.06,,2.16,28.72,1.78,94.92,94.92,0.0,0.48,17.42,17.42,2.13,11.71,11.71,2.7,35.9,-17429749760.0,263.0,13.74,79.76,78.05,17.06
"Airbnb, Inc.",ABNB,Consumer Cyclical,32.32,27.48,,32.32,27.48,,14.32,4.8,0.33,89.65,89.65,0.0,1.38,36.77,36.77,11.6,29.09,29.09,17.9,6.0,3191000064.0,0.0,8.71,16.69,0.38,25.44
Centene Corporation,CNC,Healthcare,1.83,1.56,,-26.04,-22.14,,4.08,14.64,0.76,101.08,101.08,0.0,1.31,15.16,15.16,1.56,1.65,-23.44,5.1,18.3,6847499776.0,0.0,105.33,2.66,-7.81,26.17
"West Pharmaceutical Services, Inc.",WST,Healthcare,19.13,16.26,,19.13,16.26,,16.8,44.88,0.11,104.63,104.63,0.0,3.52,48.77,48.77,8.67,17.22,17.22,21.0,56.1,275662496.0,24.0,65.13,-0.1,0.41,26.17
"Digital Realty Trust, Inc.",DLR,Real Estate,5.69,4.83,,5.69,4.83,,13.36,54.08,0.77,98.99,98.99,0.0,11.69,45.85,45.85,2.67,5.12,5.12,16.7,67.6,3278001664.0,282.0,0.97,73.58,34.95,33.16
"NVR, Inc.",NVR,Consumer Cyclical,33.26,28.27,,33.26,28.27,,-17.12,-22.8,0.31,94.9,94.9,0.0,4.97,16.47,16.47,5.28,29.93,29.93,-21.4,-28.5,1250691712.0,0.0,-10.88,6.94,30.18,25.44
Devon Energy Corporation,DVN,Energy,15.18,12.9,,15.18,12.9,,-0.64,-60.24,0.56,50.78,50.78,0.0,2.92,11.27,11.27,1.63,13.66,13.66,-0.8,-75.3,1600499968.0,257.0,23.84,-6.06,86.2,18.21
"Take-Two Interactive Software, Inc.",TTWO,Communication Services,-0.8,-0.68,,-10.56,-8.97,,4.88,9.6,0.84,95.11,95.11,0.0,3.56,25.58,25.58,13.47,-0.72,-9.5,6.1,12.0,1447787520.0,0.0,5.14,74.67,46.49,25.32
Royal Caribbean Cruises Ltd.,RCL,Consumer Cyclical,49.58,42.14,,49.58,42.14,,9.04,23.12,2.17,92.2,92.2,0.0,1.4,18.08,18.08,8.1,44.62,44.62,11.3,28.9,-194875008.0,169.0,-9.9,195.44,267.22,25.44
Loews Corporation,L,BFSI,9.22,7.83,,9.22,7.83,,1.12,-5.04,0.46,80.91,80.91,0.0,1.32,14.81,14.81,1.28,8.3,8.3,1.4,-6.3,2084000000.0,21.0,27.41,101.95,119.96,17.06
NBIS,NBIS,Communication Services,14.14,12.02,,14.14,12.02,,547.12,9.6,1.32,67.06,67.06,0.0,0.63,83.25,83.25,7.63,12.72,12.72,683.9,12.0,-6147975168.0,0.0,350.71,0.0,0.0,25.32
Equity Residential,EQR,Real Estate,8.67,7.37,,8.67,7.37,,2.0,-51.68,0.78,99.65,99.65,0.0,16.1,27.93,27.93,2.46,7.8,7.8,2.5,-64.6,1416540928.0,402.0,4.66,22.09,7.68,33.16
Entergy Corporation,ETR,Utilities,10.75,9.14,,10.75,9.14,,9.6,0.96,1.93,98.15,98.15,0.0,2.27,29.29,29.29,3.04,9.68,9.68,12.0,1.2,-3913097728.0,222.0,40.86,166.35,168.79,22.42
Norwegian Cruise Line Holdings Ltd.,NCLH,Consumer Cyclical,29.53,25.1,,29.53,25.1,,7.68,9.6,6.61,98.69,98.69,0.0,0.98,15.95,15.95,3.73,26.58,26.58,9.6,12.0,-1500744960.0,0.0,-7.79,-6.12,-29.51,25.44
"Mondelez International, Inc.",MDLZ,Consumer Defensive,10.16,8.64,,10.16,8.64,,6.56,33.04,0.84,90.23,90.23,0.0,1.0,30.15,30.15,3.04,9.14,9.14,8.2,41.3,2847500032.0,328.0,-11.49,-8.79,11.55,23.56
"Astera Labs, Inc.",ALAB,Technology,21.11,17.94,,21.11,17.94,,74.72,115.52,0.03,83.7,83.7,0.0,1.5,278.37,278.37,46.6,19.0,19.0,93.4,144.4,240004880.0,0.0,353.49,0.0,0.0,37.83
Sempra,SRE,Utilities,5.69,4.84,,5.69,4.84,,-3.12,10.96,0.85,93.78,93.78,0.0,0.83,31.65,31.65,1.89,5.12,5.12,-3.9,13.7,-28243374080.0,283.0,25.1,42.05,63.22,22.42
Arthur J. Gallagher & Co.,AJG,BFSI,7.01,5.96,,7.01,5.96,,27.68,12.96,0.56,94.96,94.96,0.0,0.83,40.85,40.85,2.73,6.31,6.31,34.6,16.2,1080225024.0,111.0,-20.13,23.17,88.71,17.06
"Fiserv, Inc.",FISV,Unknown,0.0,0.0,,0.0,0.0,,8.0,9.6,0.0,0.0,0.0,0.0,1.5,8.87,8.87,1.06,0.0,0.0,10.0,12.0,0.0,0.0,0.0,-57.25,-51.86,8.87
Xcel Energy Inc.,XEL,Utilities,9.59,8.15,,9.59,8.15,,2.32,4.8,1.65,94.39,94.39,0.0,2.23,23.62,23.62,2.16,8.63,8.63,2.9,6.0,-7471625216.0,289.0,20.74,48.22,43.33,22.42
Corning Incorporated,GLW,Technology,16.74,14.23,,16.74,14.23,,16.0,111.12,0.8,81.91,81.91,0.0,1.54,94.16,94.16,15.11,15.07,15.07,20.0,138.9,612000000.0,57.0,275.7,506.5,453.97,37.83
ResMed Inc.,RMD,Healthcare,25.25,21.46,,25.25,21.46,,8.64,8.4,0.13,70.53,70.53,0.0,1.23,20.2,20.2,4.68,22.72,22.72,10.8,10.5,1446655104.0,114.0,-18.24,0.55,-11.64,26.17
Invitation Homes Inc.,INVH,Real Estate,6.19,5.26,,6.19,5.26,,7.36,-2.96,0.97,103.2,103.2,0.0,13.14,32.14,32.14,1.99,5.57,5.57,9.2,-3.7,1021075392.0,393.0,-5.51,0.23,-7.08,33.16
"Teradyne, Inc.",TER,Technology,28.75,24.44,,28.75,24.44,,69.6,251.84,0.03,96.38,96.38,0.0,1.46,68.48,68.48,18.38,25.87,25.87,87.0,314.8,298311264.0,14.0,307.43,246.81,197.59,37.83
"NIKE, Inc.",NKE,Consumer Cyclical,22.14,18.82,,22.14,18.82,,-0.88,342.64,0.74,83.66,83.66,0.0,1.54,21.0,21.0,4.4,19.92,19.92,-1.1,428.3,0.0,372.0,-42.39,-58.85,-70.35,25.44
"ServiceNow, Inc.",NOW,Technology,16.07,13.66,,16.07,13.66,,17.68,1.84,0.21,88.52,88.52,0.0,1.03,63.29,63.29,9.35,14.46,14.46,22.1,2.3,5108125184.0,0.0,-48.64,-3.11,-4.81,37.83
FedEx Corporation,FDX,Industrials,14.85,12.62,,14.85,12.62,,10.0,-3.68,1.36,88.95,88.95,0.0,1.23,16.72,16.72,2.38,13.36,13.36,12.5,-4.6,5534374912.0,156.0,65.23,66.21,45.54,32.32
The Procter & Gamble Company,PG,Consumer Defensive,31.11,26.45,,31.11,26.45,,5.92,4.64,0.68,71.84,71.84,0.0,4.25,22.14,22.14,6.56,28.0,28.0,7.4,5.8,12733750272.0,281.0,-5.66,9.12,26.46,23.56
The Hershey Company,HSY,Consumer Defensive,23.23,19.75,,23.23,19.75,,8.48,74.88,1.2,87.7,87.7,0.0,1.05,33.92,33.92,7.8,20.91,20.91,10.6,93.6,1527240576.0,319.0,3.75,-20.4,17.66,23.56
Colgate-Palmolive Company,CL,Consumer Defensive,363.58,309.04,,363.58,309.04,,6.72,-4.72,16.41,88.04,88.04,0.0,1.7,36.87,36.87,525.58,327.22,327.22,8.4,-5.9,3319500032.0,223.0,1.93,34.53,30.7,23.56
Halliburton Company,HAL,Energy,14.63,12.43,,14.63,12.43,,-0.24,106.8,0.75,89.83,89.83,0.0,0.86,18.21,18.21,2.55,13.16,13.16,-0.3,133.5,2027000064.0,206.0,57.78,8.33,63.08,18.21
Las Vegas Sands Corp.,LVS,Consumer Cyclical,90.45,76.89,,90.45,76.89,,20.24,58.4,9.81,93.94,93.94,0.0,0.95,17.34,17.34,26.0,81.41,81.41,25.3,73.0,1622625024.0,234.0,-2.79,-13.81,-3.44,25.44
ExxonMobil Holdings Corporation,XOM,Energy,9.87,8.39,,9.87,8.39,,2.08,-34.72,0.18,68.76,68.76,0.0,1.13,23.08,23.08,2.21,8.89,8.89,2.6,-43.4,11630499840.0,301.0,23.38,43.78,168.47,18.21
"Evergy, Inc.",EVRG,Utilities,8.87,7.54,,8.87,7.54,,4.0,14.8,1.56,94.97,94.97,0.0,2.45,23.44,23.44,2.0,7.98,7.98,5.0,18.5,-1101750016.0,315.0,27.17,73.06,74.18,22.42
Bio-Techne Corporation,TECH,Healthcare,11.18,9.5,,5.34,4.54,,-1.2,102.88,0.14,118.6,118.6,0.0,0.95,101.19,101.19,5.49,10.06,4.81,-1.5,128.6,299849376.0,45.0,37.43,-5.46,-36.39,26.17
"Domino's Pizza, Inc.",DPZ,Consumer Cyclical,48.73,41.42,,0.0,0.0,,2.8,-3.68,0.0,113.13,113.13,0.0,1.51,17.95,17.95,-2.67,43.86,0.0,3.5,-4.6,524712736.0,255.0,-31.23,0.28,-29.88,25.44
"United Rentals, Inc.",URI,Industrials,28.24,24.0,,28.24,24.0,,5.76,5.28,1.67,96.69,96.69,0.0,1.8,28.09,28.09,7.68,25.41,25.41,7.2,6.6,1870625024.0,72.0,40.14,162.7,265.8,32.32
American Express Company,AXP,BFSI,34.42,29.26,,34.42,29.26,,9.28,14.08,1.78,87.6,87.6,0.0,1.68,21.98,21.98,7.06,30.98,30.98,11.6,17.6,0.0,108.0,9.06,115.39,120.58,17.06
"Huntington Ingalls Industries, Inc.",HII,Industrials,12.2,10.37,,12.2,10.37,,10.72,0.0,0.57,93.64,93.64,0.0,1.07,18.94,18.94,2.23,10.98,10.98,13.4,0.0,634124992.0,189.0,14.98,40.82,57.87,32.32
Citigroup Inc.,C,BFSI,7.65,6.5,,7.65,6.5,,12.72,44.88,0.0,81.77,81.77,0.0,0.73,17.3,17.3,1.25,6.88,6.88,15.9,56.1,0.0,171.0,59.78,234.03,143.98,17.06
Crown Castle Inc.,CCI,Real Estate,6.07,5.16,,0.0,0.0,,-3.84,9.6,0.0,100.38,100.38,0.0,1.25,32.32,32.32,-17.39,5.46,0.0,-4.8,12.0,1202875008.0,555.0,-24.79,-20.6,-51.2,33.16
Veeva Systems Inc.,VEEV,Healthcare,13.93,11.84,,13.93,11.84,,13.04,11.68,0.01,98.17,98.17,0.0,0.87,34.11,34.11,4.3,12.54,12.54,16.3,14.6,1259549056.0,0.0,-31.41,-1.63,-39.87,26.17
FirstEnergy Corp.,FE,Utilities,9.46,8.04,,9.46,8.04,,9.28,10.32,1.99,96.57,96.57,0.0,1.73,26.37,26.37,2.22,8.51,8.51,11.6,12.9,-1835124992.0,383.0,21.81,43.47,57.97,22.42
Public Service Enterprise Group Incorporated,PEG,Utilities,13.44,11.42,,13.44,11.42,,15.52,20.32,1.41,78.51,78.51,0.0,4.07,18.06,18.06,2.35,12.1,12.1,19.4,25.4,-171750000.0,328.0,-0.81,46.51,59.92,22.42
"Revvity, Inc.",RVTY,Healthcare,3.41,2.89,,3.23,2.74,,5.6,2.8,0.47,106.18,106.18,0.0,0.72,54.69,54.69,1.77,3.06,2.9,7.0,3.5,508969248.0,25.0,15.25,-2.19,-26.22,26.17
"Tapestry, Inc.",TPR,Consumer Cyclical,60.91,51.78,,60.91,51.78,,16.96,58.96,5.75,98.52,98.52,0.0,0.3,44.1,44.1,42.75,54.82,54.82,21.2,73.7,1529737472.0,111.0,55.95,262.61,293.6,25.44
"Gilead Sciences, Inc.",GILD,Healthcare,43.36,36.86,,43.36,36.86,,3.52,43.84,0.95,92.27,92.27,0.0,2.14,17.86,17.86,6.93,39.02,39.02,4.4,54.8,7934125056.0,250.0,17.44,90.18,130.3,26.17
Hubbell Incorporated,HUBB,Industrials,25.82,21.95,,25.82,21.95,,8.88,10.0,0.72,99.81,99.81,0.0,2.36,28.82,28.82,6.83,23.24,23.24,11.1,12.5,541449984.0,117.0,17.42,57.36,187.19,32.32
Targa Resources Corp.,TRGP,Energy,74.1,62.98,,74.1,62.98,,-8.16,114.32,5.85,98.65,98.65,0.0,1.25,26.44,26.44,17.72,66.69,66.69,-10.2,142.9,-318550016.0,164.0,50.11,273.31,552.6,18.21
Thomson Reuters Corporation,TRI,Industrials,12.73,10.82,,12.73,10.82,,7.84,4.48,0.23,99.37,99.37,0.0,1.32,25.64,25.64,3.3,11.46,11.46,9.8,5.6,1677250048.0,294.0,-55.65,-29.42,-1.39,32.32
Mastercard Incorporated,MA,BFSI,232.08,197.26,,232.08,197.26,,12.64,16.96,2.82,91.52,91.52,0.0,1.66,31.25,31.25,71.2,208.87,208.87,15.8,21.2,16148124672.0,65.0,-4.55,44.38,47.64,17.06
Chevron Corporation,CVX,Energy,6.64,5.64,,6.64,5.64,,1.84,-35.6,0.24,75.2,75.2,0.0,0.68,29.48,29.48,1.82,5.97,5.97,2.3,-44.5,11776499712.0,421.0,14.79,23.93,99.76,18.21
Atmos Energy Corporation,ATO,Utilities,9.6,8.16,,9.6,8.16,,0.48,11.6,0.65,100.29,100.29,0.0,2.15,21.78,21.78,1.98,8.64,8.64,0.6,14.5,-2210371840.0,226.0,15.76,65.1,106.24,22.42
Paramount Skydance Corporation,PSKY,Communication Services,4.22,3.59,,-0.77,-0.65,,1.76,-25.44,1.3,34.46,34.46,0.0,1.31,346.33,346.33,0.99,3.8,-0.69,2.2,-31.8,16400374784.0,192.0,-17.08,-30.59,-72.7,25.32
"J.B. Hunt Transport Services, Inc.",JBHT,Industrials,16.68,14.17,,16.68,14.17,,3.68,21.92,0.44,98.9,98.9,0.0,2.78,44.45,44.45,7.5,15.01,15.01,4.6,27.4,829849984.0,63.0,91.11,64.56,83.62,32.32
"Altria Group, Inc.",MO,Consumer Defensive,41.41,35.2,,0.0,0.0,,4.24,85.04,0.0,63.53,63.53,0.0,1.66,15.18,15.18,-37.83,37.27,0.0,5.3,106.3,8542875136.0,583.0,20.68,105.36,129.29,23.56
KKR & Co. Inc.,KKR,BFSI,7.66,6.51,,7.66,6.51,,-5.28,9.6,0.69,85.14,85.14,0.0,0.5,31.92,31.92,2.99,6.9,6.9,-6.6,12.0,0.0,80.0,-30.77,71.91,63.34,17.06
Ralph Lauren Corporation,RL,Consumer Cyclical,34.66,29.46,,34.66,29.46,,13.28,16.0,1.06,110.37,110.37,0.0,2.29,26.39,26.39,8.42,31.2,31.2,16.6,20.0,656187520.0,94.0,39.33,243.71,282.35,25.44
Monster Beverage Corporation,MNST,Consumer Defensive,26.65,22.66,,26.65,22.66,,21.52,23.12,0.01,99.22,99.22,0.0,2.83,47.15,47.15,10.94,23.99,23.99,26.9,28.9,1684340480.0,0.0,55.29,70.78,115.43,23.56
"The Trade Desk, Inc.",TTD,Communication Services,16.74,14.22,,16.74,14.22,,9.44,-16.0,0.17,91.73,91.73,0.0,0.91,21.7,21.7,3.67,15.06,15.06,11.8,-20.0,569112640.0,0.0,-74.03,-75.59,-75.05,25.32
CVS Health Corporation,CVS,Healthcare,4.0,3.4,,3.75,3.19,,4.88,50.48,1.01,90.34,90.34,0.0,0.29,45.93,45.93,1.72,3.6,3.38,6.1,63.1,5201625088.0,254.0,57.05,72.67,52.25,26.17
CMS Energy Corporation,CMS,Utilities,10.37,8.82,,10.37,8.82,,9.28,7.12,1.9,100.99,100.99,0.0,3.0,21.53,21.53,2.6,9.33,9.33,11.6,8.9,-2161625088.0,293.0,11.63,46.25,51.61,22.42
"Fidelity National Information Services, Inc.",FIS,Technology,17.22,14.64,,17.22,14.64,,24.08,2432.48,1.32,99.12,99.12,0.0,0.23,8.1,8.1,1.35,15.5,15.5,30.1,3040.6,2446874880.0,402.0,-48.29,-14.8,-67.37,37.83
3M Company,MMM,Industrials,71.46,60.74,,71.46,60.74,,1.04,-31.76,3.96,77.55,77.55,0.0,1.7,30.97,30.97,25.65,64.31,64.31,1.3,-39.7,2322374912.0,194.0,5.66,113.62,16.49,32.32
CSX Corporation,CSX,Industrials,23.68,20.13,,23.68,20.13,,1.36,21.2,1.43,82.18,82.18,0.0,2.23,29.99,29.99,6.69,21.32,21.32,1.7,26.5,1129874944.0,115.0,47.93,51.92,61.48,32.32
"Align Technology, Inc.",ALGN,Healthcare,10.85,9.22,,10.82,9.2,,4.96,19.12,0.03,108.26,108.26,0.0,0.97,31.06,31.06,3.18,9.77,9.74,6.2,23.9,532954624.0,0.0,-4.8,-46.53,-69.48,26.17
"United Airlines Holdings, Inc.",UAL,Industrials,25.73,21.87,,25.73,21.87,,8.48,67.6,1.95,90.07,90.07,0.0,6.5,11.91,11.91,2.73,23.15,23.15,10.6,84.5,1647000064.0,0.0,64.37,136.8,159.18,32.32
S&P Global Inc.,SPGI,BFSI,13.94,11.85,,13.94,11.85,,8.32,26.0,0.38,91.08,91.08,0.0,1.55,27.86,27.86,4.18,12.55,12.55,10.4,32.5,5298874880.0,88.0,-12.3,21.68,16.64,17.06
Moody's Corporation,MCO,BFSI,71.36,60.66,,71.36,60.66,,6.48,6.24,2.36,95.25,95.25,0.0,2.23,35.21,35.21,28.62,64.22,64.22,8.1,7.8,2266125056.0,84.0,-2.36,47.16,38.27,17.06
International Flavors & Fragrances Inc.,IFF,Basic Materials,6.05,5.14,,6.05,5.14,,-2.88,9.6,0.46,104.25,104.25,0.0,0.9,25.95,25.95,1.52,5.45,5.45,-3.6,12.0,3702625024.0,191.0,11.77,17.58,-35.18,29.1
lululemon athletica inc.,LULU,Consumer Cyclical,32.03,27.22,,32.03,27.22,,3.44,-28.0,0.44,86.99,86.99,0.0,0.91,9.59,9.59,2.81,28.82,28.82,4.3,-35.0,1133960960.0,0.0,-50.15,-68.52,-68.11,25.44
"Stanley Black & Decker, Inc.",SWK,Industrials,4.99,4.24,,4.17,3.54,,2.16,-27.84,0.78,96.77,96.77,0.0,1.39,37.66,37.66,1.59,4.49,3.75,2.7,-34.8,842187520.0,361.0,32.61,12.53,-46.61,32.32
Regency Centers Corporation,REG,Real Estate,8.0,6.8,,8.0,6.8,,8.0,13.76,0.73,104.89,104.89,0.0,2.61,27.82,27.82,2.22,7.2,7.2,10.0,17.2,574623104.0,373.0,15.79,51.34,54.94,33.16
AppLovin Corporation,APP,Communication Services,266.44,226.48,,266.44,226.48,,47.2,90.48,1.63,88.88,88.88,0.0,1.45,45.87,45.87,74.99,239.8,239.8,59.0,113.1,3180097280.0,0.0,52.77,1950.02,674.4,25.32
"ONEOK, Inc.",OKE,Energy,15.9,13.52,,15.9,13.52,,15.68,14.4,1.5,83.56,83.56,0.0,2.12,15.66,15.66,2.48,14.31,14.31,19.6,18.0,454375008.0,487.0,9.55,69.35,104.89,18.21
Biogen Inc.,BIIB,Healthcare,8.93,7.59,,7.7,6.55,,1.52,24.88,0.35,96.47,96.47,0.0,4.55,23.26,23.26,1.71,8.04,6.93,1.9,31.1,1930925056.0,0.0,66.08,-23.91,-37.34,26.17
Valero Energy Corporation,VLO,Energy,15.85,13.47,,15.85,13.47,,5.28,9.6,0.43,88.3,88.3,0.0,4.08,19.57,19.57,3.33,14.27,14.27,6.6,12.0,4786625024.0,179.0,86.28,152.37,322.84,18.21
HP Inc.,HPQ,Technology,8.82,7.5,,0.0,0.0,,7.2,12.96,0.0,95.41,95.41,0.0,18.03,8.12,8.12,-139.68,7.94,0.0,9.0,16.2,3450874880.0,547.0,-13.46,-17.18,-12.54,37.83
Philip Morris International Inc.,PM,Consumer Defensive,23.18,19.71,,0.0,0.0,,7.28,-7.44,0.0,84.24,84.24,0.0,2.54,25.64,25.64,-30.61,20.87,0.0,9.1,-9.3,8575249920.0,323.0,0.59,115.45,133.4,23.56
Eaton Corporation plc,ETN,Industrials,20.84,17.72,,20.84,17.72,,13.44,-7.52,1.1,88.05,88.05,0.0,3.01,39.07,39.07,7.85,18.76,18.76,16.8,-9.4,2646500096.0,110.0,11.17,112.75,188.29,32.32
The Estée Lauder Companies Inc.,EL,Consumer Defensive,7.31,6.21,,-5.95,-5.06,,3.68,-36.4,2.33,97.59,97.59,0.0,1.42,26.27,26.27,7.58,6.58,-5.35,4.6,-45.5,1807624960.0,167.0,-2.42,-54.34,-71.71,23.56
Arch Capital Group Ltd.,ACGL,BFSI,21.31,18.11,,21.31,18.11,,-2.64,75.68,0.11,97.51,97.51,0.0,1.05,7.86,7.86,1.54,19.18,19.18,-3.3,94.6,5276125184.0,0.0,14.29,49.94,177.0,17.06
Parker-Hannifin Corporation,PH,Industrials,24.84,21.12,,24.84,21.12,,8.48,-3.36,0.66,91.18,91.18,0.0,3.77,35.58,35.58,8.31,22.36,22.36,10.6,-4.2,2774481920.0,83.0,36.27,159.98,237.91,32.32
Cincinnati Financial Corporation,CINF,BFSI,18.73,15.92,,18.73,15.92,,9.28,9.6,0.06,73.43,73.43,0.0,2.19,10.98,10.98,1.89,16.86,16.86,11.6,12.0,2748250112.0,196.0,31.32,116.4,86.77,17.06
"Keysight Technologies, Inc.",KEYS,Technology,18.17,15.45,,18.17,15.45,,25.2,28.48,0.44,92.88,92.88,0.0,1.12,50.54,50.54,8.47,16.36,16.36,31.5,35.6,1085750016.0,0.0,93.2,92.61,103.59,37.83
"MercadoLibre, Inc.",MELI,Consumer Cyclical,31.26,26.57,,31.26,26.57,,39.2,-12.48,1.7,90.06,90.06,0.0,1.09,46.51,46.51,12.28,28.13,28.13,49.0,-15.6,-4104624896.0,0.0,-29.5,46.01,13.48,25.44
"Monolithic Power Systems, Inc.",MPWR,Technology,19.57,16.64,,19.57,16.64,,20.88,31.6,0.01,104.65,104.65,0.0,1.69,92.61,92.61,17.21,17.62,17.62,26.1,39.5,491719136.0,62.0,73.8,150.34,248.38,37.83
Avery Dennison Corporation,AVY,Consumer Cyclical,30.86,26.23,,30.86,26.23,,5.6,3.44,1.65,98.8,98.8,0.0,1.92,18.8,18.8,5.56,27.77,27.77,7.0,4.3,809049984.0,240.0,-7.39,6.81,-11.69,25.44
Southwest Airlines Co.,LUV,Industrials,10.06,8.55,,10.06,8.55,,10.24,9.6,0.93,90.66,90.66,0.0,0.34,33.5,33.5,3.57,9.06,9.06,12.8,12.0,-372375008.0,143.0,48.62,51.19,4.05,32.32
"Ross Stores, Inc.",ROST,Consumer Cyclical,38.98,33.13,,38.98,33.13,,16.48,29.92,0.75,96.8,96.8,0.0,2.52,29.85,29.85,10.87,35.08,35.08,20.6,37.4,2047583488.0,83.0,63.21,103.05,78.26,25.44
News Corporation,NWS,Communication Services,6.52,5.55,,6.52,5.55,,7.04,-8.32,0.32,86.23,86.23,0.0,3.53,38.19,38.19,1.93,5.87,5.87,8.8,-10.4,1744000000.0,66.0,-11.06,56.15,30.77,25.32
"Uber Technologies, Inc.",UBER,Technology,35.31,30.01,,35.31,30.01,,11.6,-67.68,0.48,86.53,86.53,0.0,6.04,18.47,18.47,6.12,31.78,31.78,14.5,-84.6,6536625152.0,0.0,-23.01,68.24,46.52,37.83
Allegion plc,ALLE,Industrials,34.18,29.05,,34.18,29.05,,7.76,-5.6,1.06,102.05,102.05,0.0,2.16,19.2,19.2,5.75,30.76,30.76,9.7,-7.0,494362496.0,151.0,-5.11,23.61,8.53,32.32
FactSet Research Systems Inc.,FDS,BFSI,27.03,22.98,,27.03,22.98,,5.12,-7.68,0.77,109.94,109.94,0.0,1.19,16.47,16.47,4.4,24.33,24.33,6.4,-9.6,621161344.0,186.0,-44.16,-34.49,-22.72,17.06
Caterpillar Inc.,CAT,Industrials,51.33,43.63,,51.33,43.63,,17.76,24.16,2.31,73.04,73.04,0.0,2.29,48.08,48.08,23.78,46.2,46.2,22.2,30.2,3776624896.0,68.0,146.11,316.8,393.51,32.32
"Tyson Foods, Inc.",TSN,Consumer Defensive,3.7,3.15,,2.62,2.23,,3.52,2881.76,0.44,94.88,94.88,0.0,1.04,46.37,46.37,1.15,3.33,2.36,4.4,3602.2,1029000000.0,346.0,5.63,30.02,-6.57,23.56
"Qnity Electronics, Inc.",Q,Technology,7.59,6.46,,7.48,6.36,,14.08,-17.36,0.61,76.53,76.53,0.0,2.37,45.73,45.73,4.13,6.84,6.73,17.6,-21.7,702374976.0,23.0,48.74,0.0,0.0,37.83
Chubb Limited,CB,BFSI,15.43,13.12,,15.43,13.12,,8.16,62.96,0.31,94.17,94.17,0.0,3.18,12.77,12.77,1.9,13.89,13.89,10.2,78.7,12622624768.0,113.0,29.0,102.01,139.83,17.06
Equifax Inc.,EFX,Industrials,14.37,12.21,,14.37,12.21,,11.44,27.2,1.13,105.82,105.82,0.0,1.68,30.29,30.29,4.52,12.93,12.93,14.3,34.0,1024662528.0,130.0,-34.84,-24.26,-27.31,32.32
"Micron Technology, Inc.",MU,Technology,66.64,56.64,,66.64,56.64,,276.56,1094.8,0.06,81.64,81.64,0.0,0.14,22.08,22.08,15.19,59.97,59.97,345.7,1368.5,7639499776.0,5.0,713.51,1373.34,1133.69,37.83
Pinnacle West Capital Corporation,PNW,Utilities,9.56,8.13,,9.56,8.13,,9.12,9.6,2.13,108.52,108.52,0.0,3.28,20.4,20.4,1.88,8.6,8.6,11.4,12.0,-831102848.0,333.0,21.39,54.07,63.19,22.42
Lam Research Corporation,LRCX,Technology,66.76,56.75,,66.76,56.75,,19.04,32.64,0.35,88.31,88.31,0.0,2.03,66.18,66.18,41.52,60.09,60.09,23.8,40.8,4352341504.0,30.0,258.07,462.12,495.25,37.83
Trane Technologies plc,TT,Industrials,36.63,31.14,,36.63,31.14,,4.8,-1.68,0.54,91.86,91.86,0.0,2.03,36.5,36.5,12.31,32.97,32.97,6.0,-2.1,2662362624.0,88.0,10.02,163.57,174.79,32.32
"W.W. Grainger, Inc.",GWW,Industrials,46.13,39.21,,46.13,39.21,,8.08,14.56,0.64,82.17,82.17,0.0,2.1,36.1,36.1,16.14,41.52,41.52,10.1,18.2,1152125056.0,69.0,29.89,78.27,216.0,32.32
Solventum Corporation,SOLV,Healthcare,34.79,29.58,,34.79,29.58,,-2.4,-72.8,1.06,91.5,91.5,0.0,1.22,9.58,9.58,2.73,31.32,31.32,-3.0,-91.0,378500000.0,0.0,2.66,0.0,0.0,26.17
Brown-Forman Corporation,BF-B,Consumer Defensive,17.85,15.17,,17.85,15.17,,1.6,-50.16,0.65,74.65,74.65,0.0,4.2,17.1,17.1,2.98,16.06,16.06,2.0,-62.7,739625024.0,351.0,-5.83,-57.09,-60.66,23.56
VICI Properties Inc.,VICI,Real Estate,11.33,9.63,,11.33,9.63,,2.8,48.08,0.62,98.66,98.66,0.0,1.5,9.31,9.31,1.03,10.2,10.2,3.5,60.1,1285280000.0,662.0,-17.31,4.23,15.36,33.16
"American Water Works Company, Inc.",AWK,Utilities,10.22,8.68,,10.22,8.68,,4.56,-3.84,1.42,103.06,103.06,0.0,2.65,24.27,24.27,2.42,9.2,9.2,5.7,-4.8,-1896625024.0,262.0,-2.21,4.27,-4.96,22.42
Lennox International Inc.,LII,Industrials,76.79,65.27,,76.79,65.27,,4.64,-6.16,1.61,88.73,88.73,0.0,1.64,25.31,25.31,16.35,69.11,69.11,5.8,-7.7,187137504.0,95.0,-3.73,83.09,75.31,32.32
EQT Corporation,EQT,Energy,13.4,11.39,,13.4,11.39,,39.92,392.0,0.21,94.67,94.67,0.0,2.39,9.98,9.98,1.31,12.06,12.06,49.9,490.0,2503225856.0,125.0,-6.32,38.12,172.36,18.21
"Host Hotels & Resorts, Inc.",HST,Real Estate,14.87,12.64,,14.87,12.64,,2.24,84.24,0.8,107.26,107.26,0.0,3.85,15.88,15.88,2.34,13.38,13.38,2.8,105.3,1190875008.0,343.0,45.85,72.21,77.2,33.16
"Roper Technologies, Inc.",ROP,Technology,9.01,7.66,,9.01,7.66,,9.04,47.36,0.56,105.13,105.13,0.0,1.49,22.73,22.73,1.98,8.11,8.11,11.3,59.2,2169925120.0,100.0,-35.65,-21.21,-20.81,37.83
Johnson Controls International plc,JCI,Industrials,13.45,11.43,,13.45,11.43,,6.56,31.12,0.7,93.96,93.96,0.0,1.9,43.05,43.05,6.35,12.1,12.1,8.2,38.9,2870374912.0,114.0,32.82,121.13,126.01,32.32
Northrop Grumman Corporation,NOC,Industrials,28.51,24.24,,28.51,24.24,,3.52,67.92,1.03,84.58,84.58,0.0,4.09,17.21,17.21,4.56,25.66,25.66,4.4,84.9,2071624960.0,171.0,8.09,29.79,61.2,32.32
Teledyne Technologies Incorporated,TDY,Technology,9.05,7.69,,9.05,7.69,,6.08,17.28,0.23,101.15,101.15,0.0,1.4,33.0,33.0,2.86,8.14,8.14,7.6,21.6,760562496.0,0.0,26.5,62.41,54.4,37.83
"Automatic Data Processing, Inc.",ADP,Technology,71.21,60.53,,71.21,60.53,,5.6,8.4,0.69,90.77,90.77,0.0,2.26,22.62,22.62,15.28,64.09,64.09,7.0,10.5,4749387264.0,281.0,-21.44,20.57,34.44,37.83
The Kroger Co.,KR,Consumer Defensive,13.78,11.71,,13.78,11.71,,1.76,10.56,3.73,90.41,90.41,0.0,0.56,34.05,34.05,6.29,12.4,12.4,2.2,13.2,2994500096.0,247.0,-18.52,31.86,73.12,23.56
"Marvell Technology, Inc.",MRVL,Technology,16.03,13.62,,16.03,13.62,,22.08,-64.32,0.29,86.22,86.22,0.0,1.39,84.0,84.0,11.79,14.43,14.43,27.6,-80.4,2269700096.0,10.0,242.82,312.46,334.94,37.83
TE Connectivity plc,TEL,Technology,22.72,19.31,,22.72,19.31,,11.6,5720.0,0.44,97.56,97.56,0.0,0.91,20.17,20.17,4.36,20.45,20.45,14.5,7150.0,2322249984.0,151.0,15.37,50.69,57.02,37.83
Exelon Corporation,EXC,Utilities,9.76,8.3,,9.76,8.3,,6.32,-0.24,1.75,95.31,95.31,0.0,3.08,17.54,17.54,1.67,8.79,8.79,7.9,-0.3,-2807749888.0,351.0,10.91,33.68,78.42,22.42
Blackstone Inc.,BX,BFSI,29.53,25.1,,29.53,25.1,,4.56,3.12,0.72,74.65,74.65,0.0,2.06,31.48,31.48,11.52,26.58,26.58,5.7,3.9,0.0,405.0,-19.75,47.58,49.29,17.06
"Motorola Solutions, Inc.",MSI,Technology,99.29,84.4,,99.29,84.4,,5.92,-11.04,3.74,90.64,90.64,0.0,2.28,34.14,34.14,27.61,89.36,89.36,7.4,-13.8,1815124992.0,115.0,-0.87,54.01,101.07,37.83
APA Corporation,APA,Energy,26.22,22.28,,26.22,22.28,,-9.52,25.76,0.61,106.2,106.2,0.0,0.54,7.54,7.54,1.77,23.6,23.6,-11.9,32.2,1691250048.0,309.0,66.72,9.22,82.28,18.21
Bristol-Myers Squibb Company,BMY,Healthcare,38.73,32.92,,38.73,32.92,,2.08,7.36,2.31,83.83,83.83,0.0,1.51,16.28,16.28,5.91,34.86,34.86,2.6,9.2,9851750400.0,434.0,25.04,5.38,7.04,26.17
"CF Industries Holdings, Inc.",CF,Basic Materials,27.3,23.2,,27.3,23.2,,15.52,92.08,0.44,103.91,103.91,0.0,3.28,9.96,9.96,3.18,24.57,24.57,19.4,115.1,1076375040.0,181.0,16.13,73.46,146.55,29.1
Ares Management Corporation,ARES,BFSI,14.18,12.05,,14.18,12.05,,22.64,616.4,1.69,101.1,101.1,0.0,1.08,53.87,53.87,10.27,12.76,12.76,28.3,770.5,1757137152.0,462.0,-33.15,35.76,110.22,17.06
PACCAR Inc,PCAR,Industrials,13.11,11.14,,13.11,11.14,,-7.12,15.76,0.76,77.88,77.88,0.0,1.22,25.43,25.43,3.18,11.8,11.8,-8.9,19.7,1481787520.0,117.0,23.65,65.41,148.6,32.32
"C.H. Robinson Worldwide, Inc.",CHRW,Industrials,34.84,29.61,,34.84,29.61,,-0.64,7.92,0.97,107.71,107.71,0.0,2.68,38.43,38.43,13.16,31.35,31.35,-0.8,9.9,642142272.0,133.0,96.27,116.82,129.38,32.32
Ecolab Inc.,ECL,Basic Materials,22.43,19.06,,22.43,19.06,,8.0,6.24,0.92,93.98,93.98,0.0,2.63,38.29,38.29,7.97,20.18,20.18,10.0,7.8,1586424960.0,103.0,4.26,61.45,43.0,29.1
"Paychex, Inc.",PAYX,Technology,0.0,0.0,,0.0,0.0,,10.0,34.08,1.23,96.28,96.28,0.0,1.87,21.75,21.75,9.49,0.0,0.0,12.5,42.6,0.0,448.0,-26.99,6.05,13.88,37.83
"Skyworks Solutions, Inc.",SWKS,Technology,6.17,5.25,,6.17,5.25,,-0.8,-35.92,0.21,115.1,115.1,0.0,1.35,26.07,26.07,1.63,5.55,5.55,-1.0,-44.9,687837504.0,454.0,-17.89,-35.83,-62.06,37.83
"Cboe Global Markets, Inc.",CBOE,BFSI,25.14,21.37,,25.14,21.37,,5.2,43.52,0.29,92.03,92.03,0.0,2.35,21.28,21.28,4.85,22.63,22.63,6.5,54.4,1003075008.0,116.0,5.85,90.54,125.43,17.06
"D.R. Horton, Inc.",DHI,Consumer Cyclical,13.08,11.12,,13.08,11.12,,-1.84,-10.56,0.27,100.44,100.44,0.0,1.32,14.88,14.88,1.91,11.78,11.78,-2.3,-13.2,2875425024.0,114.0,21.07,33.75,83.61,25.44
Cummins Inc.,CMI,Industrials,21.99,18.69,,21.99,18.69,,2.16,-16.8,0.62,88.1,88.1,0.0,1.59,34.36,34.36,7.39,19.79,19.79,2.7,-21.0,1688625024.0,121.0,101.83,195.07,214.78,32.32
"Brown & Brown, Inc.",BRO,BFSI,11.93,10.14,,11.93,10.14,,28.56,-6.32,0.64,99.9,99.9,0.0,1.51,22.8,22.8,1.86,10.73,10.73,35.7,-7.9,1522499968.0,92.0,-35.07,7.03,35.36,17.06
UnitedHealth Group Incorporated,UNH,Healthcare,12.18,10.35,,12.18,10.35,,1.6,0.56,0.74,86.02,86.02,0.0,1.47,32.05,32.05,3.95,10.96,10.96,2.0,0.7,17687500800.0,218.0,40.05,-4.75,13.19,26.17
Keurig Dr Pepper Inc.,KDP,Consumer Defensive,6.31,5.37,,6.31,5.37,,7.52,-38.16,0.86,106.08,106.08,0.0,1.11,24.67,24.67,1.79,5.68,5.68,9.4,-47.7,-16345499648.0,276.0,-1.42,18.33,8.68,23.56
"Prudential Financial, Inc.",PRU,BFSI,10.71,9.1,,10.71,9.1,,12.24,-11.44,1.59,64.68,64.68,0.0,1.23,11.63,11.63,1.23,9.64,9.64,15.3,-14.3,10378999808.0,496.0,6.11,51.86,43.86,17.06
GE Aerospace,GE,Industrials,45.43,38.61,,45.43,38.61,,19.76,-1.44,1.17,81.28,81.28,0.0,9.09,46.96,46.96,21.81,40.89,40.89,24.7,-1.8,5667999744.0,50.0,51.83,348.92,499.7,32.32
Walmart Inc.,WMT,Consumer Defensive,24.13,20.51,,24.13,20.51,,5.84,15.52,0.75,82.91,82.91,0.0,4.26,39.38,39.38,9.44,21.72,21.72,7.3,19.4,6862249984.0,89.0,12.57,123.17,155.56,23.56
"Warner Bros. Discovery, Inc.",WBD,Communication Services,2.09,1.77,,-4.96,-4.22,,-0.8,9.6,0.96,79.65,79.65,0.0,216.92,696.84,696.84,2.04,1.88,-4.46,-1.0,12.0,18466875392.0,0.0,140.29,112.69,-12.72,25.32
The Kraft Heinz Company,KHC,Consumer Defensive,5.2,4.42,,-12.58,-10.69,,0.64,10.88,0.5,92.45,92.45,0.0,0.99,12.12,12.12,0.72,4.68,-11.32,0.8,13.6,3212250112.0,631.0,-2.72,-14.72,-18.03,23.56
W. R. Berkley Corporation,WRB,BFSI,20.16,17.14,,20.16,17.14,,3.2,20.8,0.32,104.23,104.23,0.0,4.22,15.27,15.27,2.76,18.15,18.15,4.0,26.0,3222230528.0,55.0,1.88,101.33,141.0,17.06
"VeriSign, Inc.",VRSN,Technology,78.1,66.39,,0.0,0.0,,5.28,9.12,0.0,99.61,99.61,0.0,3.1,28.33,28.33,-10.55,70.29,0.0,6.6,11.4,807275008.0,126.0,-10.8,16.84,12.46,37.83
NiSource Inc.,NI,Utilities,9.11,7.75,,9.11,7.75,,6.56,4.8,1.41,99.18,99.18,0.0,2.73,23.79,23.79,2.37,8.2,8.2,8.2,6.0,-1562412544.0,251.0,20.67,93.95,126.66,22.42
Alphabet Inc.,GOOG,Communication Services,38.88,33.05,,38.88,33.05,,17.44,65.6,0.2,67.68,67.68,0.0,1.4,27.17,27.17,9.01,35.0,35.0,21.8,82.0,27921750016.0,25.0,100.6,196.76,176.89,25.32
Erie Indemnity Company,ERIE,BFSI,25.85,21.97,,25.85,21.97,,1.84,6.96,0.02,89.87,89.87,0.0,2.67,23.76,23.76,5.76,23.27,23.27,2.3,8.7,447472992.0,226.0,-24.04,31.95,,17.06
Welltower Inc.,WELL,Real Estate,3.67,3.12,,3.67,3.12,,30.64,126.32,0.44,102.64,102.64,0.0,3.66,113.49,113.49,3.8,3.3,3.3,38.3,157.9,2600212736.0,125.0,53.06,213.73,213.61,33.16
Starbucks Corporation,SBUX,Consumer Cyclical,11.07,9.41,,0.0,0.0,,7.04,26.08,0.0,86.71,86.71,0.0,1.39,79.6,79.6,-14.04,9.96,0.0,8.8,32.6,-1304087552.0,238.0,11.35,13.98,1.25,25.44
"CenterPoint Energy, Inc.",CNP,Utilities,9.56,8.13,,9.56,8.13,,1.52,5.36,2.16,104.25,104.25,0.0,2.59,27.37,27.37,2.55,8.6,8.6,1.9,6.7,-4945375232.0,206.0,23.1,67.75,103.34,22.42
Pentair plc,PNR,Industrials,17.61,14.97,,17.61,14.97,,2.08,10.4,0.55,100.22,100.22,0.0,1.14,19.28,19.28,3.25,15.85,15.85,2.6,13.0,574212480.0,138.0,-26.93,27.21,21.35,32.32
"Constellation Brands, Inc.",STZ,Consumer Defensive,23.69,20.14,,23.69,20.14,,-2.64,24.56,1.23,101.3,101.3,0.0,2.62,13.09,13.09,2.94,21.32,21.32,-3.3,30.7,2210487552.0,300.0,-19.3,-40.77,-34.52,23.56
Kimberly-Clark Corporation,KMB,Consumer Defensive,111.73,94.97,,111.73,94.97,,2.16,14.32,3.71,94.37,94.37,0.0,2.32,22.19,22.19,21.2,100.55,100.55,2.7,17.9,1054625024.0,446.0,-12.86,-5.46,3.17,23.56
"Advanced Micro Devices, Inc.",AMD,Technology,8.06,6.85,,8.06,6.85,,30.24,72.96,0.06,72.47,72.47,0.0,1.24,172.61,172.61,13.09,7.26,7.26,37.8,91.2,7173374976.0,0.0,284.14,370.02,448.13,37.83
Fastenal Company,FAST,Industrials,33.84,28.77,,33.84,28.77,,9.92,11.04,0.11,88.12,88.12,0.0,3.5,43.01,43.01,13.99,30.46,30.46,12.4,13.8,903862528.0,189.0,14.43,80.0,108.93,32.32
"NRG Energy, Inc.",NRG,Utilities,6.25,5.31,,6.25,5.31,,15.6,-68.48,4.79,99.45,99.45,0.0,0.47,148.59,148.59,6.89,5.62,5.62,19.5,-85.6,431624992.0,139.0,-13.86,297.76,281.95,22.42
"Healthpeak Properties, Inc.",DOC,Real Estate,2.8,2.38,,2.8,2.38,,5.68,291.12,1.18,102.89,102.89,0.0,4.32,68.41,68.41,1.94,2.52,2.52,7.1,363.9,1109761536.0,557.0,21.75,34.06,-14.89,33.16
EchoStar Corporation,SATS,Communication Services,0.6,0.51,,-112.28,-95.44,,-4.16,9.6,5.15,125.98,125.98,0.0,1.33,-911.54,-911.54,5.34,0.54,-101.06,-5.2,12.0,-457875616.0,0.0,221.81,491.15,327.55,25.32
Texas Pacific Land Corporation,TPL,Energy,37.78,32.11,,36.47,31.0,,16.64,14.64,0.01,75.02,75.02,0.0,7.33,55.86,55.86,18.05,34.0,32.82,20.8,18.3,-56057624.0,59.0,18.15,190.88,150.83,18.21
U.S. Bancorp,USB,BFSI,12.35,10.5,,12.35,10.5,,3.68,11.84,0.0,85.75,85.75,0.0,2.26,12.94,12.94,1.64,11.12,11.12,4.6,14.8,0.0,337.0,29.2,121.52,37.08,17.06
Broadcom Inc.,AVGO,Technology,37.28,31.69,,37.28,31.69,,38.32,68.32,0.74,81.78,81.78,0.0,0.41,59.88,59.88,19.56,33.55,33.55,47.9,85.4,27212249088.0,72.0,31.46,340.7,736.57,37.83
"Zimmer Biomet Holdings, Inc.",ZBH,Healthcare,6.14,5.22,,6.07,5.16,,7.44,27.28,0.6,106.55,106.55,0.0,0.62,22.66,22.66,1.33,5.53,5.46,9.3,34.1,1044124992.0,110.0,-5.51,-37.54,-42.2,26.17
"Apollo Global Management, Inc.",APO,BFSI,8.49,7.22,,8.49,7.22,,-7.36,9.6,1.01,98.61,98.61,0.0,0.54,74.6,74.6,3.69,7.64,7.64,-9.2,12.0,0.0,190.0,-16.19,65.52,106.0,17.06
"Republic Services, Inc.",RSG,Industrials,18.35,15.59,,18.35,15.59,,2.08,6.0,1.18,97.35,97.35,0.0,3.15,31.14,31.14,5.59,16.51,16.51,2.6,7.5,1808875008.0,115.0,-10.37,51.68,106.25,32.32
Eli Lilly and Company,LLY,Healthcare,107.46,91.34,,107.46,91.34,,44.4,135.92,1.39,85.48,85.48,0.0,1.57,43.11,43.11,34.77,96.71,96.71,55.5,169.9,9156599808.0,57.0,57.07,170.34,440.55,26.17
"Tesla, Inc.",TSLA,Consumer Cyclical,4.9,4.17,,4.9,4.17,,12.64,6.64,0.19,63.64,63.64,0.0,5.76,357.68,357.68,17.97,4.41,4.41,15.8,8.3,5251999744.0,0.0,33.85,53.55,78.95,25.44
"EMCOR Group, Inc.",EME,Industrials,39.23,33.34,,39.23,33.34,,15.76,24.0,0.13,97.67,97.67,0.0,0.41,26.04,26.04,8.9,35.31,35.31,19.7,30.0,891520000.0,21.0,40.56,335.21,555.12,32.32
Textron Inc.,TXT,Industrials,12.25,10.42,,12.25,10.42,,9.44,8.48,0.53,92.33,92.33,0.0,1.19,17.65,17.65,2.01,11.03,11.03,11.8,10.6,622374976.0,9.0,13.68,39.63,38.14,32.32
"Best Buy Co., Inc.",BBY,Consumer Cyclical,39.1,33.24,,39.1,33.24,,1.52,30.32,1.34,105.24,105.24,0.0,1.49,14.44,14.44,5.33,35.19,35.19,1.9,37.9,1143750016.0,492.0,10.61,9.95,-11.26,25.44
Albemarle Corporation,ALB,Basic Materials,2.41,2.05,,-1.82,-1.55,,26.16,9.6,0.2,96.44,96.44,0.0,0.79,10.9,10.9,2.1,2.17,-1.64,32.7,12.0,716711744.0,120.0,106.96,-34.59,-14.65,29.1
Wells Fargo & Company,WFC,BFSI,12.03,10.22,,12.03,10.22,,4.56,12.08,0.0,78.79,78.79,0.0,1.52,13.22,13.22,1.61,10.83,10.83,5.7,15.1,0.0,211.0,3.85,126.87,121.78,17.06
"WEC Energy Group, Inc.",WEC,Utilities,11.68,9.93,,11.68,9.93,,7.2,6.32,1.53,87.38,87.38,0.0,2.64,23.81,23.81,2.84,10.51,10.51,9.0,7.9,-2067012480.0,321.0,13.92,51.35,55.15,22.42
"Essex Property Trust, Inc.",ESS,Real Estate,10.56,8.97,,10.56,8.97,,5.12,-38.24,1.22,102.02,102.02,0.0,7.02,33.56,33.56,3.53,9.5,9.5,6.4,-47.8,983003264.0,347.0,5.2,46.54,15.77,33.16
Oracle Corporation,ORCL,Technology,53.38,45.37,,53.38,45.37,,16.48,17.52,3.89,84.35,84.35,0.0,0.79,24.02,24.02,10.76,48.04,48.04,20.6,21.9,-24536750080.0,143.0,-39.61,24.7,80.65,37.83
Capital One Financial Corporation,COF,BFSI,3.26,2.77,,3.26,2.77,,37.04,-2.56,0.0,89.95,89.95,0.0,0.22,62.92,62.92,1.18,2.93,2.93,46.3,-3.2,0.0,156.0,-5.96,97.01,44.61,17.06
